"Site","value","parameter","Binned_Date","Date"
"SP_OT_11A",1.92,"NH4Nstock","Aug_2020",2020-08-19
"SP_OT_11B",2.335,"NH4Nstock","Aug_2020",2020-08-19
"SP_OT_11C",1.77,"NH4Nstock","Aug_2020",2020-08-19
"SP_OT_11D",1.68,"NH4Nstock","Aug_2020",2020-08-19
"SP_OT_12A",11.145,"NH4Nstock","Aug_2020",2020-08-19
"SP_OT_12B",12.045,"NH4Nstock","Aug_2020",2020-08-19
"SP_OT_12C",7.495,"NH4Nstock","Aug_2020",2020-08-19
"SP_OT_12D",7.615,"NH4Nstock","Aug_2020",2020-08-19
"SP_ONT_21A",1.345,"NH4Nstock","Aug_2020",2020-08-19
"SP_ONT_21B",1.38,"NH4Nstock","Aug_2020",2020-08-19
"SP_ONT_21C",2.045,"NH4Nstock","Aug_2020",2020-08-19
"SP_ONT_21D",2.455,"NH4Nstock","Aug_2020",2020-08-19
"SP_ONT_22A",1.785,"NH4Nstock","Aug_2020",2020-08-19
"SP_ONT_22B",1.915,"NH4Nstock","Aug_2020",2020-08-19
"SP_ONT_22C",11.04,"NH4Nstock","Aug_2020",2020-08-19
"SP_ONT_22D",7.47,"NH4Nstock","Aug_2020",2020-08-19
"SP_COV_31A",8.29,"NH4Nstock","Aug_2020",2020-08-19
"SP_COV_31B",1.955,"NH4Nstock","Aug_2020",2020-08-19
"SP_COV_31C",2.345,"NH4Nstock","Aug_2020",2020-08-19
"SP_COV_31D",2.38,"NH4Nstock","Aug_2020",2020-08-19
"SP_COV_32A",13.005,"NH4Nstock","Aug_2020",2020-08-19
"SP_COV_32B",12.465,"NH4Nstock","Aug_2020",2020-08-19
"SP_COV_32C",16.515,"NH4Nstock","Aug_2020",2020-08-19
"SP_COV_32D",17.4,"NH4Nstock","Aug_2020",2020-08-19
"SP_COS_41A",2.065,"NH4Nstock","Aug_2020",2020-08-19
"SP_COS_41B",8.365,"NH4Nstock","Aug_2020",2020-08-19
"SP_COS_41C",8.545,"NH4Nstock","Aug_2020",2020-08-19
"SP_COS_41D",3.21,"NH4Nstock","Aug_2020",2020-08-19
"SP_COS_42A",2.335,"NH4Nstock","Aug_2020",2020-08-19
"SP_COS_42B",14.405,"NH4Nstock","Aug_2020",2020-08-19
"SP_COS_42C",15.68,"NH4Nstock","Aug_2020",2020-08-19
"SP_COS_42D",18.785,"NH4Nstock","Aug_2020",2020-08-19
"SP_OT_11A",4.69,"NO3Nstock","Aug_2020",2020-08-19
"SP_OT_11B",2.695,"NO3Nstock","Aug_2020",2020-08-19
"SP_OT_11C",4.315,"NO3Nstock","Aug_2020",2020-08-19
"SP_OT_11D",1.495,"NO3Nstock","Aug_2020",2020-08-19
"SP_OT_12A",2.195,"NO3Nstock","Aug_2020",2020-08-19
"SP_OT_12B",5.035,"NO3Nstock","Aug_2020",2020-08-19
"SP_OT_12C",1.325,"NO3Nstock","Aug_2020",2020-08-19
"SP_OT_12D",1.315,"NO3Nstock","Aug_2020",2020-08-19
"SP_ONT_21A",2.75,"NO3Nstock","Aug_2020",2020-08-19
"SP_ONT_21B",2.205,"NO3Nstock","Aug_2020",2020-08-19
"SP_ONT_21C",4.12,"NO3Nstock","Aug_2020",2020-08-19
"SP_ONT_21D",5.89,"NO3Nstock","Aug_2020",2020-08-19
"SP_ONT_22A",3,"NO3Nstock","Aug_2020",2020-08-19
"SP_ONT_22B",2.64,"NO3Nstock","Aug_2020",2020-08-19
"SP_ONT_22C",1.78,"NO3Nstock","Aug_2020",2020-08-19
"SP_ONT_22D",1.255,"NO3Nstock","Aug_2020",2020-08-19
"SP_COV_31A",1.785,"NO3Nstock","Aug_2020",2020-08-19
"SP_COV_31B",1.205,"NO3Nstock","Aug_2020",2020-08-19
"SP_COV_31C",5.87,"NO3Nstock","Aug_2020",2020-08-19
"SP_COV_31D",3.605,"NO3Nstock","Aug_2020",2020-08-19
"SP_COV_32A",2.14,"NO3Nstock","Aug_2020",2020-08-19
"SP_COV_32B",1.83,"NO3Nstock","Aug_2020",2020-08-19
"SP_COV_32C",3.545,"NO3Nstock","Aug_2020",2020-08-19
"SP_COV_32D",4.26,"NO3Nstock","Aug_2020",2020-08-19
"SP_COS_41A",1.8,"NO3Nstock","Aug_2020",2020-08-19
"SP_COS_41B",1.485,"NO3Nstock","Aug_2020",2020-08-19
"SP_COS_41C",1.325,"NO3Nstock","Aug_2020",2020-08-19
"SP_COS_41D",1.985,"NO3Nstock","Aug_2020",2020-08-19
"SP_COS_42A",2.17,"NO3Nstock","Aug_2020",2020-08-19
"SP_COS_42B",2.385,"NO3Nstock","Aug_2020",2020-08-19
"SP_COS_42C",2.67,"NO3Nstock","Aug_2020",2020-08-19
"SP_COS_42D",2.52,"NO3Nstock","Aug_2020",2020-08-19
"SP_COS_41A",0.035113931,"netMIN","Aug_2020",2020-08-19
"SP_COS_41B",-0.110787157,"netMIN","Aug_2020",2020-08-19
"SP_COS_41C",-0.159992232,"netMIN","Aug_2020",2020-08-19
"SP_COS_41D",0.024981875,"netMIN","Aug_2020",2020-08-19
"SP_COS_42A",0.069665976,"netMIN","Aug_2020",2020-08-19
"SP_COS_42B",-0.259295702,"netMIN","Aug_2020",2020-08-19
"SP_COS_42C",-0.530082859,"netMIN","Aug_2020",2020-08-19
"SP_COS_42D",-0.356807354,"netMIN","Aug_2020",2020-08-19
"SP_COV_31A",-0.143091662,"netMIN","Aug_2020",2020-08-19
"SP_COV_31B",0.036620922,"netMIN","Aug_2020",2020-08-19
"SP_COV_31C",0.017252719,"netMIN","Aug_2020",2020-08-19
"SP_COV_31D",-0.056872087,"netMIN","Aug_2020",2020-08-19
"SP_COV_32A",-0.225895909,"netMIN","Aug_2020",2020-08-19
"SP_COV_32B",-0.217389953,"netMIN","Aug_2020",2020-08-19
"SP_COV_32C",-0.260147592,"netMIN","Aug_2020",2020-08-19
"SP_COV_32D",-0.254733299,"netMIN","Aug_2020",2020-08-19
"SP_ONT_21A",0.004616779,"netMIN","Aug_2020",2020-08-19
"SP_ONT_21B",0.023705334,"netMIN","Aug_2020",2020-08-19
"SP_ONT_21C",-0.009795443,"netMIN","Aug_2020",2020-08-19
"SP_ONT_21D",-0.022837908,"netMIN","Aug_2020",2020-08-19
"SP_ONT_22A",-0.020857069,"netMIN","Aug_2020",2020-08-19
"SP_ONT_22B",-0.020624029,"netMIN","Aug_2020",2020-08-19
"SP_ONT_22C",-0.198050233,"netMIN","Aug_2020",2020-08-19
"SP_ONT_22D",-0.110981357,"netMIN","Aug_2020",2020-08-19
"SP_OT_11A",0.037832729,"netMIN","Aug_2020",2020-08-19
"SP_OT_11B",-0.005520456,"netMIN","Aug_2020",2020-08-19
"SP_OT_11C",-0.003208182,"netMIN","Aug_2020",2020-08-19
"SP_OT_11D",-0.002408079,"netMIN","Aug_2020",2020-08-19
"SP_OT_12A",-0.22085189,"netMIN","Aug_2020",2020-08-19
"SP_OT_12B",-0.248114966,"netMIN","Aug_2020",2020-08-19
"SP_OT_12C",-0.133966857,"netMIN","Aug_2020",2020-08-19
"SP_OT_12D",-0.137472812,"netMIN","Aug_2020",2020-08-19
"SP_COS_41A",0.102936302,"netNIT","Aug_2020",2020-08-19
"SP_COS_41B",0.201672708,"netNIT","Aug_2020",2020-08-19
"SP_COS_41C",0.237042983,"netNIT","Aug_2020",2020-08-19
"SP_COS_41D",0.299709995,"netNIT","Aug_2020",2020-08-19
"SP_COS_42A",0.432892284,"netNIT","Aug_2020",2020-08-19
"SP_COS_42B",0.3251942,"netNIT","Aug_2020",2020-08-19
"SP_COS_42C",0.588485241,"netNIT","Aug_2020",2020-08-19
"SP_COS_42D",0.60038581,"netNIT","Aug_2020",2020-08-19
"SP_COV_31A",0.200647333,"netNIT","Aug_2020",2020-08-19
"SP_COV_31B",0.253990161,"netNIT","Aug_2020",2020-08-19
"SP_COV_31C",0.274554635,"netNIT","Aug_2020",2020-08-19
"SP_COV_31D",0.284865355,"netNIT","Aug_2020",2020-08-19
"SP_COV_32A",0.757962196,"netNIT","Aug_2020",2020-08-19
"SP_COV_32B",0.650398757,"netNIT","Aug_2020",2020-08-19
"SP_COV_32C",1.013581046,"netNIT","Aug_2020",2020-08-19
"SP_COV_32D",0.703938374,"netNIT","Aug_2020",2020-08-19
"SP_ONT_21A",0.110512688,"netNIT","Aug_2020",2020-08-19
"SP_ONT_21B",0.069709995,"netNIT","Aug_2020",2020-08-19
"SP_ONT_21C",0.264930088,"netNIT","Aug_2020",2020-08-19
"SP_ONT_21D",0.343762299,"netNIT","Aug_2020",2020-08-19
"SP_ONT_22A",0.147630761,"netNIT","Aug_2020",2020-08-19
"SP_ONT_22B",0.362871569,"netNIT","Aug_2020",2020-08-19
"SP_ONT_22C",0.219469187,"netNIT","Aug_2020",2020-08-19
"SP_ONT_22D",0.125274469,"netNIT","Aug_2020",2020-08-19
"SP_OT_11A",0.189899016,"netNIT","Aug_2020",2020-08-19
"SP_OT_11B",0.366574314,"netNIT","Aug_2020",2020-08-19
"SP_OT_11C",0.162581564,"netNIT","Aug_2020",2020-08-19
"SP_OT_11D",0.055670637,"netNIT","Aug_2020",2020-08-19
"SP_OT_12A",0.162198343,"netNIT","Aug_2020",2020-08-19
"SP_OT_12B",0.190390989,"netNIT","Aug_2020",2020-08-19
"SP_OT_12C",0.126597618,"netNIT","Aug_2020",2020-08-19
"SP_OT_12D",0.197384775,"netNIT","Aug_2020",2020-08-19
"SP_COS_41",5.31,"NH4Nstock","Jul_2020",2020-07-14
"SP_COS_41",12.12,"NH4Nstock","Jul_2020",2020-07-14
"SP_COS_41",9.85,"NH4Nstock","Jul_2020",2020-07-14
"SP_COS_41",14.795,"NH4Nstock","Jul_2020",2020-07-14
"SP_COS_42",13.195,"NH4Nstock","Jul_2020",2020-07-14
"SP_COS_42",7.715,"NH4Nstock","Jul_2020",2020-07-14
"SP_COS_42",13.145,"NH4Nstock","Jul_2020",2020-07-14
"SP_COS_42",15.95,"NH4Nstock","Jul_2020",2020-07-14
"SP_COV_31",13.56,"NH4Nstock","Jul_2020",2020-07-14
"SP_COV_31",14.33,"NH4Nstock","Jul_2020",2020-07-14
"SP_COV_31",21.285,"NH4Nstock","Jul_2020",2020-07-14
"SP_COV_31",16.615,"NH4Nstock","Jul_2020",2020-07-14
"SP_COV_32",12.795,"NH4Nstock","Jul_2020",2020-07-14
"SP_COV_32",16.22,"NH4Nstock","Jul_2020",2020-07-14
"SP_COV_32",23.095,"NH4Nstock","Jul_2020",2020-07-14
"SP_COV_32",14.715,"NH4Nstock","Jul_2020",2020-07-14
"SP_ONT_21",9.415,"NH4Nstock","Jul_2020",2020-07-14
"SP_ONT_21",16.52,"NH4Nstock","Jul_2020",2020-07-14
"SP_ONT_21",23.46,"NH4Nstock","Jul_2020",2020-07-14
"SP_ONT_21",24.955,"NH4Nstock","Jul_2020",2020-07-14
"SP_ONT_22",7.8,"NH4Nstock","Jul_2020",2020-07-14
"SP_ONT_22",24.7,"NH4Nstock","Jul_2020",2020-07-14
"SP_ONT_22",29.56,"NH4Nstock","Jul_2020",2020-07-14
"SP_ONT_22",20.36,"NH4Nstock","Jul_2020",2020-07-14
"SP_OT_11",20,"NH4Nstock","Jul_2020",2020-07-14
"SP_OT_11",17.755,"NH4Nstock","Jul_2020",2020-07-14
"SP_OT_11",10.75,"NH4Nstock","Jul_2020",2020-07-14
"SP_OT_11",10.495,"NH4Nstock","Jul_2020",2020-07-14
"SP_OT_12",9.03,"NH4Nstock","Jul_2020",2020-07-14
"SP_OT_12",12.735,"NH4Nstock","Jul_2020",2020-07-14
"SP_OT_12",25.61,"NH4Nstock","Jul_2020",2020-07-14
"SP_OT_12",15.55,"NH4Nstock","Jul_2020",2020-07-14
"SP_COS_41",0.92,"NO3Nstock","Jul_2020",2020-07-14
"SP_COS_41",4.52,"NO3Nstock","Jul_2020",2020-07-14
"SP_COS_41",1.405,"NO3Nstock","Jul_2020",2020-07-14
"SP_COS_41",1.32,"NO3Nstock","Jul_2020",2020-07-14
"SP_COS_42",1.22,"NO3Nstock","Jul_2020",2020-07-14
"SP_COS_42",1.135,"NO3Nstock","Jul_2020",2020-07-14
"SP_COS_42",0.965,"NO3Nstock","Jul_2020",2020-07-14
"SP_COS_42",2.075,"NO3Nstock","Jul_2020",2020-07-14
"SP_COV_31",1.365,"NO3Nstock","Jul_2020",2020-07-14
"SP_COV_31",0.975,"NO3Nstock","Jul_2020",2020-07-14
"SP_COV_31",1.425,"NO3Nstock","Jul_2020",2020-07-14
"SP_COV_31",1,"NO3Nstock","Jul_2020",2020-07-14
"SP_COV_32",0.95,"NO3Nstock","Jul_2020",2020-07-14
"SP_COV_32",1.29,"NO3Nstock","Jul_2020",2020-07-14
"SP_COV_32",1.615,"NO3Nstock","Jul_2020",2020-07-14
"SP_COV_32",1.24,"NO3Nstock","Jul_2020",2020-07-14
"SP_ONT_21",50.025,"NO3Nstock","Jul_2020",2020-07-14
"SP_ONT_21",17.4,"NO3Nstock","Jul_2020",2020-07-14
"SP_ONT_21",43.615,"NO3Nstock","Jul_2020",2020-07-14
"SP_ONT_21",32.18,"NO3Nstock","Jul_2020",2020-07-14
"SP_ONT_22",2.38,"NO3Nstock","Jul_2020",2020-07-14
"SP_ONT_22",4.49,"NO3Nstock","Jul_2020",2020-07-14
"SP_ONT_22",4.05,"NO3Nstock","Jul_2020",2020-07-14
"SP_ONT_22",3.16,"NO3Nstock","Jul_2020",2020-07-14
"SP_OT_11",2.595,"NO3Nstock","Jul_2020",2020-07-14
"SP_OT_11",4.625,"NO3Nstock","Jul_2020",2020-07-14
"SP_OT_11",47.79,"NO3Nstock","Jul_2020",2020-07-14
"SP_OT_11",7.525,"NO3Nstock","Jul_2020",2020-07-14
"SP_OT_12",7.225,"NO3Nstock","Jul_2020",2020-07-14
"SP_OT_12",1.73,"NO3Nstock","Jul_2020",2020-07-14
"SP_OT_12",3.885,"NO3Nstock","Jul_2020",2020-07-14
"SP_OT_12",3.745,"NO3Nstock","Jul_2020",2020-07-14
"SP_COS_41",-0.47,"netMIN","Jul_2020",2020-07-14
"SP_COS_41",-0.26,"netMIN","Jul_2020",2020-07-14
"SP_COS_41",-0.02,"netMIN","Jul_2020",2020-07-14
"SP_COS_41",-0.06,"netMIN","Jul_2020",2020-07-14
"SP_COS_42",-0.04,"netMIN","Jul_2020",2020-07-14
"SP_COS_42",0.08,"netMIN","Jul_2020",2020-07-14
"SP_COS_42",-0.46,"netMIN","Jul_2020",2020-07-14
"SP_COS_42",0.29,"netMIN","Jul_2020",2020-07-14
"SP_COV_31",-0.16,"netMIN","Jul_2020",2020-07-14
"SP_COV_31",-0.22,"netMIN","Jul_2020",2020-07-14
"SP_COV_31",-0.45,"netMIN","Jul_2020",2020-07-14
"SP_COV_31",-0.48,"netMIN","Jul_2020",2020-07-14
"SP_COV_32",-0.06,"netMIN","Jul_2020",2020-07-14
"SP_COV_32",-0.52,"netMIN","Jul_2020",2020-07-14
"SP_COV_32",-0.42,"netMIN","Jul_2020",2020-07-14
"SP_COV_32",-0.25,"netMIN","Jul_2020",2020-07-14
"SP_ONT_21",-0.22,"netMIN","Jul_2020",2020-07-14
"SP_ONT_21",-0.16,"netMIN","Jul_2020",2020-07-14
"SP_ONT_21",-0.14,"netMIN","Jul_2020",2020-07-14
"SP_ONT_21",-0.25,"netMIN","Jul_2020",2020-07-14
"SP_ONT_22",-0.15,"netMIN","Jul_2020",2020-07-14
"SP_ONT_22",-0.07,"netMIN","Jul_2020",2020-07-14
"SP_ONT_22",-0.36,"netMIN","Jul_2020",2020-07-14
"SP_ONT_22",-0.13,"netMIN","Jul_2020",2020-07-14
"SP_OT_11",-0.19,"netMIN","Jul_2020",2020-07-14
"SP_OT_11",-0.17,"netMIN","Jul_2020",2020-07-14
"SP_OT_11",0.16,"netMIN","Jul_2020",2020-07-14
"SP_OT_11",-0.09,"netMIN","Jul_2020",2020-07-14
"SP_OT_12",0.03,"netMIN","Jul_2020",2020-07-14
"SP_OT_12",-0.04,"netMIN","Jul_2020",2020-07-14
"SP_OT_12",-0.2,"netMIN","Jul_2020",2020-07-14
"SP_OT_12",-0.31,"netMIN","Jul_2020",2020-07-14
"SP_COS_41",0.6,"netNIT","Jul_2020",2020-07-14
"SP_COS_41",0.54,"netNIT","Jul_2020",2020-07-14
"SP_COS_41",0.86,"netNIT","Jul_2020",2020-07-14
"SP_COS_41",0.81,"netNIT","Jul_2020",2020-07-14
"SP_COS_42",0.26,"netNIT","Jul_2020",2020-07-14
"SP_COS_42",0.61,"netNIT","Jul_2020",2020-07-14
"SP_COS_42",0.3,"netNIT","Jul_2020",2020-07-14
"SP_COS_42",0.91,"netNIT","Jul_2020",2020-07-14
"SP_COV_31",-0.69,"netNIT","Jul_2020",2020-07-14
"SP_COV_31",0.41,"netNIT","Jul_2020",2020-07-14
"SP_COV_31",-0.78,"netNIT","Jul_2020",2020-07-14
"SP_COV_31",0.55,"netNIT","Jul_2020",2020-07-14
"SP_COV_32",0.57,"netNIT","Jul_2020",2020-07-14
"SP_COV_32",0.47,"netNIT","Jul_2020",2020-07-14
"SP_COV_32",0.52,"netNIT","Jul_2020",2020-07-14
"SP_COV_32",0.53,"netNIT","Jul_2020",2020-07-14
"SP_ONT_21",0.44,"netNIT","Jul_2020",2020-07-14
"SP_ONT_21",0.48,"netNIT","Jul_2020",2020-07-14
"SP_ONT_21",0.91,"netNIT","Jul_2020",2020-07-14
"SP_ONT_21",0.74,"netNIT","Jul_2020",2020-07-14
"SP_ONT_22",0.37,"netNIT","Jul_2020",2020-07-14
"SP_ONT_22",0.44,"netNIT","Jul_2020",2020-07-14
"SP_ONT_22",0.75,"netNIT","Jul_2020",2020-07-14
"SP_ONT_22",0.44,"netNIT","Jul_2020",2020-07-14
"SP_OT_11",0.72,"netNIT","Jul_2020",2020-07-14
"SP_OT_11",0.65,"netNIT","Jul_2020",2020-07-14
"SP_OT_11",0.63,"netNIT","Jul_2020",2020-07-14
"SP_OT_11",0.61,"netNIT","Jul_2020",2020-07-14
"SP_OT_12",0.73,"netNIT","Jul_2020",2020-07-14
"SP_OT_12",0.29,"netNIT","Jul_2020",2020-07-14
"SP_OT_12",0.59,"netNIT","Jul_2020",2020-07-14
"SP_OT_12",0.38,"netNIT","Jul_2020",2020-07-14
"SP_COS_41",1.11,"NH4Nstock","Jun_2020",2020-06-03
"SP_COS_41",1,"NH4Nstock","Jun_2020",2020-06-03
"SP_COS_41",0.575,"NH4Nstock","Jun_2020",2020-06-03
"SP_COS_41",0.48,"NH4Nstock","Jun_2020",2020-06-03
"SP_COS_42",0.605,"NH4Nstock","Jun_2020",2020-06-03
"SP_COS_42",1.115,"NH4Nstock","Jun_2020",2020-06-03
"SP_COS_42",0.745,"NH4Nstock","Jun_2020",2020-06-03
"SP_COS_42",1.02,"NH4Nstock","Jun_2020",2020-06-03
"SP_COV_31",0.715,"NH4Nstock","Jun_2020",2020-06-03
"SP_COV_31",0.8,"NH4Nstock","Jun_2020",2020-06-03
"SP_COV_31",0.8,"NH4Nstock","Jun_2020",2020-06-03
"SP_COV_31",0.49,"NH4Nstock","Jun_2020",2020-06-03
"SP_COV_32",0.495,"NH4Nstock","Jun_2020",2020-06-03
"SP_COV_32",0.71,"NH4Nstock","Jun_2020",2020-06-03
"SP_COV_32",0.52,"NH4Nstock","Jun_2020",2020-06-03
"SP_COV_32",0.635,"NH4Nstock","Jun_2020",2020-06-03
"SP_ONT_21",2.71,"NH4Nstock","Jun_2020",2020-06-03
"SP_ONT_21",1.89,"NH4Nstock","Jun_2020",2020-06-03
"SP_ONT_21",1.225,"NH4Nstock","Jun_2020",2020-06-03
"SP_ONT_21",2.79,"NH4Nstock","Jun_2020",2020-06-03
"SP_ONT_22",1.175,"NH4Nstock","Jun_2020",2020-06-03
"SP_ONT_22",1.025,"NH4Nstock","Jun_2020",2020-06-03
"SP_ONT_22",0.915,"NH4Nstock","Jun_2020",2020-06-03
"SP_ONT_22",1.1,"NH4Nstock","Jun_2020",2020-06-03
"SP_OT_11",1.24,"NH4Nstock","Jun_2020",2020-06-03
"SP_OT_11",2.36,"NH4Nstock","Jun_2020",2020-06-03
"SP_OT_11",1.67,"NH4Nstock","Jun_2020",2020-06-03
"SP_OT_11",2,"NH4Nstock","Jun_2020",2020-06-03
"SP_OT_12",1.29,"NH4Nstock","Jun_2020",2020-06-03
"SP_OT_12",1.32,"NH4Nstock","Jun_2020",2020-06-03
"SP_OT_12",1.5,"NH4Nstock","Jun_2020",2020-06-03
"SP_OT_12",1.23,"NH4Nstock","Jun_2020",2020-06-03
"SP_COS_41",2.94,"NO3Nstock","Jun_2020",2020-06-03
"SP_COS_41",1.67,"NO3Nstock","Jun_2020",2020-06-03
"SP_COS_41",0.665,"NO3Nstock","Jun_2020",2020-06-03
"SP_COS_41",1.225,"NO3Nstock","Jun_2020",2020-06-03
"SP_COS_42",0.115,"NO3Nstock","Jun_2020",2020-06-03
"SP_COS_42",0.145,"NO3Nstock","Jun_2020",2020-06-03
"SP_COS_42",0.545,"NO3Nstock","Jun_2020",2020-06-03
"SP_COS_42",0.77,"NO3Nstock","Jun_2020",2020-06-03
"SP_COV_31",2.67,"NO3Nstock","Jun_2020",2020-06-03
"SP_COV_31",3.94,"NO3Nstock","Jun_2020",2020-06-03
"SP_COV_31",2.21,"NO3Nstock","Jun_2020",2020-06-03
"SP_COV_31",0.46,"NO3Nstock","Jun_2020",2020-06-03
"SP_COV_32",0.095,"NO3Nstock","Jun_2020",2020-06-03
"SP_COV_32",0.015,"NO3Nstock","Jun_2020",2020-06-03
"SP_COV_32",1.48,"NO3Nstock","Jun_2020",2020-06-03
"SP_COV_32",1.13,"NO3Nstock","Jun_2020",2020-06-03
"SP_ONT_21",41.075,"NO3Nstock","Jun_2020",2020-06-03
"SP_ONT_21",36.775,"NO3Nstock","Jun_2020",2020-06-03
"SP_ONT_21",38.36,"NO3Nstock","Jun_2020",2020-06-03
"SP_ONT_21",45.07,"NO3Nstock","Jun_2020",2020-06-03
"SP_ONT_22",7.815,"NO3Nstock","Jun_2020",2020-06-03
"SP_ONT_22",5.095,"NO3Nstock","Jun_2020",2020-06-03
"SP_ONT_22",13.705,"NO3Nstock","Jun_2020",2020-06-03
"SP_ONT_22",5.885,"NO3Nstock","Jun_2020",2020-06-03
"SP_OT_11",35.565,"NO3Nstock","Jun_2020",2020-06-03
"SP_OT_11",38.97,"NO3Nstock","Jun_2020",2020-06-03
"SP_OT_11",33.115,"NO3Nstock","Jun_2020",2020-06-03
"SP_OT_11",72.35,"NO3Nstock","Jun_2020",2020-06-03
"SP_OT_12",5.045,"NO3Nstock","Jun_2020",2020-06-03
"SP_OT_12",3.78,"NO3Nstock","Jun_2020",2020-06-03
"SP_OT_12",3.12,"NO3Nstock","Jun_2020",2020-06-03
"SP_OT_12",3.915,"NO3Nstock","Jun_2020",2020-06-03
"SP_COS_41",0.5,"netMIN","Jun_2020",2020-06-03
"SP_COS_41",0.28,"netMIN","Jun_2020",2020-06-03
"SP_COS_41",0.22,"netMIN","Jun_2020",2020-06-03
"SP_COS_41",0.2,"netMIN","Jun_2020",2020-06-03
"SP_COS_42",0.51,"netMIN","Jun_2020",2020-06-03
"SP_COS_42",0.24,"netMIN","Jun_2020",2020-06-03
"SP_COS_42",0.43,"netMIN","Jun_2020",2020-06-03
"SP_COS_42",0.27,"netMIN","Jun_2020",2020-06-03
"SP_COV_31",0.21,"netMIN","Jun_2020",2020-06-03
"SP_COV_31",0.45,"netMIN","Jun_2020",2020-06-03
"SP_COV_31",0.36,"netMIN","Jun_2020",2020-06-03
"SP_COV_31",0.4,"netMIN","Jun_2020",2020-06-03
"SP_COV_32",0.39,"netMIN","Jun_2020",2020-06-03
"SP_COV_32",0.49,"netMIN","Jun_2020",2020-06-03
"SP_COV_32",0.4,"netMIN","Jun_2020",2020-06-03
"SP_COV_32",0.51,"netMIN","Jun_2020",2020-06-03
"SP_ONT_21",0.23,"netMIN","Jun_2020",2020-06-03
"SP_ONT_21",0.3,"netMIN","Jun_2020",2020-06-03
"SP_ONT_21",0.29,"netMIN","Jun_2020",2020-06-03
"SP_ONT_21",0.34,"netMIN","Jun_2020",2020-06-03
"SP_ONT_22",0.28,"netMIN","Jun_2020",2020-06-03
"SP_ONT_22",0.29,"netMIN","Jun_2020",2020-06-03
"SP_ONT_22",0.31,"netMIN","Jun_2020",2020-06-03
"SP_ONT_22",0.33,"netMIN","Jun_2020",2020-06-03
"SP_OT_11",0.29,"netMIN","Jun_2020",2020-06-03
"SP_OT_11",0.15,"netMIN","Jun_2020",2020-06-03
"SP_OT_11",0.2,"netMIN","Jun_2020",2020-06-03
"SP_OT_11",0.18,"netMIN","Jun_2020",2020-06-03
"SP_OT_12",0.3,"netMIN","Jun_2020",2020-06-03
"SP_OT_12",0.2,"netMIN","Jun_2020",2020-06-03
"SP_OT_12",0.21,"netMIN","Jun_2020",2020-06-03
"SP_OT_12",0.18,"netMIN","Jun_2020",2020-06-03
"SP_COS_41",1.92,"netNIT","Jun_2020",2020-06-03
"SP_COS_41",1.66,"netNIT","Jun_2020",2020-06-03
"SP_COS_41",0.93,"netNIT","Jun_2020",2020-06-03
"SP_COS_41",1.03,"netNIT","Jun_2020",2020-06-03
"SP_COS_42",0.53,"netNIT","Jun_2020",2020-06-03
"SP_COS_42",0.29,"netNIT","Jun_2020",2020-06-03
"SP_COS_42",0.66,"netNIT","Jun_2020",2020-06-03
"SP_COS_42",0.18,"netNIT","Jun_2020",2020-06-03
"SP_COV_31",1.06,"netNIT","Jun_2020",2020-06-03
"SP_COV_31",1.56,"netNIT","Jun_2020",2020-06-03
"SP_COV_31",0.81,"netNIT","Jun_2020",2020-06-03
"SP_COV_31",1.25,"netNIT","Jun_2020",2020-06-03
"SP_COV_32",0.63,"netNIT","Jun_2020",2020-06-03
"SP_COV_32",0.65,"netNIT","Jun_2020",2020-06-03
"SP_COV_32",0.62,"netNIT","Jun_2020",2020-06-03
"SP_COV_32",0.86,"netNIT","Jun_2020",2020-06-03
"SP_ONT_21",0.16,"netNIT","Jun_2020",2020-06-03
"SP_ONT_21",0.22,"netNIT","Jun_2020",2020-06-03
"SP_ONT_21",0.42,"netNIT","Jun_2020",2020-06-03
"SP_ONT_21",0.44,"netNIT","Jun_2020",2020-06-03
"SP_ONT_22",0.24,"netNIT","Jun_2020",2020-06-03
"SP_ONT_22",0.19,"netNIT","Jun_2020",2020-06-03
"SP_ONT_22",0.34,"netNIT","Jun_2020",2020-06-03
"SP_ONT_22",0.29,"netNIT","Jun_2020",2020-06-03
"SP_OT_11",0.38,"netNIT","Jun_2020",2020-06-03
"SP_OT_11",0.18,"netNIT","Jun_2020",2020-06-03
"SP_OT_11",0.3,"netNIT","Jun_2020",2020-06-03
"SP_OT_11",0.1,"netNIT","Jun_2020",2020-06-03
"SP_OT_12",0.27,"netNIT","Jun_2020",2020-06-03
"SP_OT_12",0.7,"netNIT","Jun_2020",2020-06-03
"SP_OT_12",0.37,"netNIT","Jun_2020",2020-06-03
"SP_OT_12",0.35,"netNIT","Jun_2020",2020-06-03
"SP_COS_41",18.63,"NH4Nstock","Mar_2020",2020-03-04
"SP_COS_41",13.345,"NH4Nstock","Mar_2020",2020-03-04
"SP_COS_41",36.5,"NH4Nstock","Mar_2020",2020-03-04
"SP_COS_41",18.255,"NH4Nstock","Mar_2020",2020-03-04
"SP_COS_42",10.905,"NH4Nstock","Mar_2020",2020-03-04
"SP_COS_42",9.525,"NH4Nstock","Mar_2020",2020-03-04
"SP_COS_42",15.875,"NH4Nstock","Mar_2020",2020-03-04
"SP_COS_42",30.725,"NH4Nstock","Mar_2020",2020-03-04
"SP_COV_31",8.675,"NH4Nstock","Mar_2020",2020-03-04
"SP_COV_31",19.56,"NH4Nstock","Mar_2020",2020-03-04
"SP_COV_31",12.61,"NH4Nstock","Mar_2020",2020-03-04
"SP_COV_31",23.71,"NH4Nstock","Mar_2020",2020-03-04
"SP_COV_32",17.115,"NH4Nstock","Mar_2020",2020-03-04
"SP_COV_32",13.69,"NH4Nstock","Mar_2020",2020-03-04
"SP_COV_32",15.3,"NH4Nstock","Mar_2020",2020-03-04
"SP_COV_32",23.245,"NH4Nstock","Mar_2020",2020-03-04
"SP_ONT_21",16.95,"NH4Nstock","Mar_2020",2020-03-04
"SP_ONT_21",17.895,"NH4Nstock","Mar_2020",2020-03-04
"SP_ONT_21",25.995,"NH4Nstock","Mar_2020",2020-03-04
"SP_ONT_21",18.915,"NH4Nstock","Mar_2020",2020-03-04
"SP_ONT_22",11.71,"NH4Nstock","Mar_2020",2020-03-04
"SP_ONT_22",14.635,"NH4Nstock","Mar_2020",2020-03-04
"SP_ONT_22",17.605,"NH4Nstock","Mar_2020",2020-03-04
"SP_ONT_22",19.92,"NH4Nstock","Mar_2020",2020-03-04
"SP_OT_11",20.29,"NH4Nstock","Mar_2020",2020-03-04
"SP_OT_11",13.015,"NH4Nstock","Mar_2020",2020-03-04
"SP_OT_11",19.86,"NH4Nstock","Mar_2020",2020-03-04
"SP_OT_11",18.72,"NH4Nstock","Mar_2020",2020-03-04
"SP_OT_12",16.17,"NH4Nstock","Mar_2020",2020-03-04
"SP_OT_12",13.78,"NH4Nstock","Mar_2020",2020-03-04
"SP_OT_12",34.095,"NH4Nstock","Mar_2020",2020-03-04
"SP_OT_12",26.855,"NH4Nstock","Mar_2020",2020-03-04
"SP_COS_41",3.195,"NO3Nstock","Mar_2020",2020-03-04
"SP_COS_41",1.57,"NO3Nstock","Mar_2020",2020-03-04
"SP_COS_41",1.53,"NO3Nstock","Mar_2020",2020-03-04
"SP_COS_41",2.085,"NO3Nstock","Mar_2020",2020-03-04
"SP_COS_42",1.195,"NO3Nstock","Mar_2020",2020-03-04
"SP_COS_42",1.72,"NO3Nstock","Mar_2020",2020-03-04
"SP_COS_42",0.95,"NO3Nstock","Mar_2020",2020-03-04
"SP_COS_42",0.935,"NO3Nstock","Mar_2020",2020-03-04
"SP_COV_31",0.8,"NO3Nstock","Mar_2020",2020-03-04
"SP_COV_31",1.01,"NO3Nstock","Mar_2020",2020-03-04
"SP_COV_31",1.96,"NO3Nstock","Mar_2020",2020-03-04
"SP_COV_31",1.995,"NO3Nstock","Mar_2020",2020-03-04
"SP_COV_32",1.235,"NO3Nstock","Mar_2020",2020-03-04
"SP_COV_32",0.655,"NO3Nstock","Mar_2020",2020-03-04
"SP_COV_32",0.44,"NO3Nstock","Mar_2020",2020-03-04
"SP_COV_32",1.73,"NO3Nstock","Mar_2020",2020-03-04
"SP_ONT_21",3.285,"NO3Nstock","Mar_2020",2020-03-04
"SP_ONT_21",3.485,"NO3Nstock","Mar_2020",2020-03-04
"SP_ONT_21",2.23,"NO3Nstock","Mar_2020",2020-03-04
"SP_ONT_21",3.26,"NO3Nstock","Mar_2020",2020-03-04
"SP_ONT_22",3.11,"NO3Nstock","Mar_2020",2020-03-04
"SP_ONT_22",1.985,"NO3Nstock","Mar_2020",2020-03-04
"SP_ONT_22",2.76,"NO3Nstock","Mar_2020",2020-03-04
"SP_ONT_22",3.125,"NO3Nstock","Mar_2020",2020-03-04
"SP_OT_11",1.445,"NO3Nstock","Mar_2020",2020-03-04
"SP_OT_11",2.2,"NO3Nstock","Mar_2020",2020-03-04
"SP_OT_11",2.45,"NO3Nstock","Mar_2020",2020-03-04
"SP_OT_11",4.85,"NO3Nstock","Mar_2020",2020-03-04
"SP_OT_12",4.4,"NO3Nstock","Mar_2020",2020-03-04
"SP_OT_12",3.48,"NO3Nstock","Mar_2020",2020-03-04
"SP_OT_12",2.94,"NO3Nstock","Mar_2020",2020-03-04
"SP_OT_12",3.02,"NO3Nstock","Mar_2020",2020-03-04
"SP_COS_41",-0.34,"netMIN","Mar_2020",2020-03-04
"SP_COS_41",-0.19,"netMIN","Mar_2020",2020-03-04
"SP_COS_41",-0.35,"netMIN","Mar_2020",2020-03-04
"SP_COS_41",-0.29,"netMIN","Mar_2020",2020-03-04
"SP_COS_42",-0.2,"netMIN","Mar_2020",2020-03-04
"SP_COS_42",-0.17,"netMIN","Mar_2020",2020-03-04
"SP_COS_42",-0.72,"netMIN","Mar_2020",2020-03-04
"SP_COS_42",-0.34,"netMIN","Mar_2020",2020-03-04
"SP_COV_31",-0.31,"netMIN","Mar_2020",2020-03-04
"SP_COV_31",-0.76,"netMIN","Mar_2020",2020-03-04
"SP_COV_31",-0.48,"netMIN","Mar_2020",2020-03-04
"SP_COV_31",-0.4,"netMIN","Mar_2020",2020-03-04
"SP_COV_32",-0.39,"netMIN","Mar_2020",2020-03-04
"SP_COV_32",-0.25,"netMIN","Mar_2020",2020-03-04
"SP_COV_32",-0.13,"netMIN","Mar_2020",2020-03-04
"SP_COV_32",-0.34,"netMIN","Mar_2020",2020-03-04
"SP_ONT_21",-0.27,"netMIN","Mar_2020",2020-03-04
"SP_ONT_21",-0.25,"netMIN","Mar_2020",2020-03-04
"SP_ONT_21",-0.2,"netMIN","Mar_2020",2020-03-04
"SP_ONT_21",-0.54,"netMIN","Mar_2020",2020-03-04
"SP_ONT_22",-0.32,"netMIN","Mar_2020",2020-03-04
"SP_ONT_22",-0.31,"netMIN","Mar_2020",2020-03-04
"SP_ONT_22",-0.08,"netMIN","Mar_2020",2020-03-04
"SP_ONT_22",-0.43,"netMIN","Mar_2020",2020-03-04
"SP_OT_11",-0.32,"netMIN","Mar_2020",2020-03-04
"SP_OT_11",-0.29,"netMIN","Mar_2020",2020-03-04
"SP_OT_11",-0.72,"netMIN","Mar_2020",2020-03-04
"SP_OT_11",-0.38,"netMIN","Mar_2020",2020-03-04
"SP_OT_12",-0.19,"netMIN","Mar_2020",2020-03-04
"SP_OT_12",-0.22,"netMIN","Mar_2020",2020-03-04
"SP_OT_12",-0.34,"netMIN","Mar_2020",2020-03-04
"SP_OT_12",-0.53,"netMIN","Mar_2020",2020-03-04
"SP_COS_41",0.69,"netNIT","Mar_2020",2020-03-04
"SP_COS_41",0.43,"netNIT","Mar_2020",2020-03-04
"SP_COS_41",0.34,"netNIT","Mar_2020",2020-03-04
"SP_COS_41",0.77,"netNIT","Mar_2020",2020-03-04
"SP_COS_42",0.51,"netNIT","Mar_2020",2020-03-04
"SP_COS_42",0.64,"netNIT","Mar_2020",2020-03-04
"SP_COS_42",1.34,"netNIT","Mar_2020",2020-03-04
"SP_COS_42",1.19,"netNIT","Mar_2020",2020-03-04
"SP_COV_31",0.43,"netNIT","Mar_2020",2020-03-04
"SP_COV_31",0.55,"netNIT","Mar_2020",2020-03-04
"SP_COV_31",0.84,"netNIT","Mar_2020",2020-03-04
"SP_COV_31",0.58,"netNIT","Mar_2020",2020-03-04
"SP_COV_32",0.57,"netNIT","Mar_2020",2020-03-04
"SP_COV_32",0.48,"netNIT","Mar_2020",2020-03-04
"SP_COV_32",0.7,"netNIT","Mar_2020",2020-03-04
"SP_COV_32",0.97,"netNIT","Mar_2020",2020-03-04
"SP_ONT_21",0.26,"netNIT","Mar_2020",2020-03-04
"SP_ONT_21",0.12,"netNIT","Mar_2020",2020-03-04
"SP_ONT_21",0.58,"netNIT","Mar_2020",2020-03-04
"SP_ONT_21",0.58,"netNIT","Mar_2020",2020-03-04
"SP_ONT_22",0.61,"netNIT","Mar_2020",2020-03-04
"SP_ONT_22",0.78,"netNIT","Mar_2020",2020-03-04
"SP_ONT_22",0.01,"netNIT","Mar_2020",2020-03-04
"SP_ONT_22",0.79,"netNIT","Mar_2020",2020-03-04
"SP_OT_11",0.47,"netNIT","Mar_2020",2020-03-04
"SP_OT_11",0.59,"netNIT","Mar_2020",2020-03-04
"SP_OT_11",0.46,"netNIT","Mar_2020",2020-03-04
"SP_OT_11",0.34,"netNIT","Mar_2020",2020-03-04
"SP_OT_12",0.64,"netNIT","Mar_2020",2020-03-04
"SP_OT_12",0.63,"netNIT","Mar_2020",2020-03-04
"SP_OT_12",1.49,"netNIT","Mar_2020",2020-03-04
"SP_OT_12",0.47,"netNIT","Mar_2020",2020-03-04
"SP_COS_41",1.96,"NH4Nstock","May_2020",2020-05-05
"SP_COS_41",1.64,"NH4Nstock","May_2020",2020-05-05
"SP_COS_41",2.04,"NH4Nstock","May_2020",2020-05-05
"SP_COS_41",1.51,"NH4Nstock","May_2020",2020-05-05
"SP_COS_42",1.605,"NH4Nstock","May_2020",2020-05-05
"SP_COS_42",2.015,"NH4Nstock","May_2020",2020-05-05
"SP_COS_42",1.695,"NH4Nstock","May_2020",2020-05-05
"SP_COS_42",1.715,"NH4Nstock","May_2020",2020-05-05
"SP_COV_31",1.89,"NH4Nstock","May_2020",2020-05-05
"SP_COV_31",3.11,"NH4Nstock","May_2020",2020-05-05
"SP_COV_31",13.76,"NH4Nstock","May_2020",2020-05-05
"SP_COV_31",1.235,"NH4Nstock","May_2020",2020-05-05
"SP_COV_32",2.065,"NH4Nstock","May_2020",2020-05-05
"SP_COV_32",1.055,"NH4Nstock","May_2020",2020-05-05
"SP_COV_32",0.995,"NH4Nstock","May_2020",2020-05-05
"SP_COV_32",1.095,"NH4Nstock","May_2020",2020-05-05
"SP_ONT_21",1.565,"NH4Nstock","May_2020",2020-05-05
"SP_ONT_21",1.625,"NH4Nstock","May_2020",2020-05-05
"SP_ONT_21",1.845,"NH4Nstock","May_2020",2020-05-05
"SP_ONT_21",1.975,"NH4Nstock","May_2020",2020-05-05
"SP_ONT_22",1.52,"NH4Nstock","May_2020",2020-05-05
"SP_ONT_22",1.055,"NH4Nstock","May_2020",2020-05-05
"SP_ONT_22",1.86,"NH4Nstock","May_2020",2020-05-05
"SP_ONT_22",1.255,"NH4Nstock","May_2020",2020-05-05
"SP_OT_11",1.99,"NH4Nstock","May_2020",2020-05-05
"SP_OT_11",2.515,"NH4Nstock","May_2020",2020-05-05
"SP_OT_11",2.16,"NH4Nstock","May_2020",2020-05-05
"SP_OT_11",1.72,"NH4Nstock","May_2020",2020-05-05
"SP_OT_12",2.915,"NH4Nstock","May_2020",2020-05-05
"SP_OT_12",2.685,"NH4Nstock","May_2020",2020-05-05
"SP_OT_12",2.16,"NH4Nstock","May_2020",2020-05-05
"SP_OT_12",3.09,"NH4Nstock","May_2020",2020-05-05
"SP_COS_41",2.045,"NO3Nstock","May_2020",2020-05-05
"SP_COS_41",4.4,"NO3Nstock","May_2020",2020-05-05
"SP_COS_41",2.52,"NO3Nstock","May_2020",2020-05-05
"SP_COS_41",2.425,"NO3Nstock","May_2020",2020-05-05
"SP_COS_42",2.955,"NO3Nstock","May_2020",2020-05-05
"SP_COS_42",1.64,"NO3Nstock","May_2020",2020-05-05
"SP_COS_42",1.005,"NO3Nstock","May_2020",2020-05-05
"SP_COS_42",1.635,"NO3Nstock","May_2020",2020-05-05
"SP_COV_31",2.385,"NO3Nstock","May_2020",2020-05-05
"SP_COV_31",5.445,"NO3Nstock","May_2020",2020-05-05
"SP_COV_31",6.255,"NO3Nstock","May_2020",2020-05-05
"SP_COV_31",0.83,"NO3Nstock","May_2020",2020-05-05
"SP_COV_32",0.82,"NO3Nstock","May_2020",2020-05-05
"SP_COV_32",0.81,"NO3Nstock","May_2020",2020-05-05
"SP_COV_32",1.855,"NO3Nstock","May_2020",2020-05-05
"SP_COV_32",1.105,"NO3Nstock","May_2020",2020-05-05
"SP_ONT_21",2.68,"NO3Nstock","May_2020",2020-05-05
"SP_ONT_21",3.425,"NO3Nstock","May_2020",2020-05-05
"SP_ONT_21",1.805,"NO3Nstock","May_2020",2020-05-05
"SP_ONT_21",1.085,"NO3Nstock","May_2020",2020-05-05
"SP_ONT_22",4.6,"NO3Nstock","May_2020",2020-05-05
"SP_ONT_22",1.01,"NO3Nstock","May_2020",2020-05-05
"SP_ONT_22",2.58,"NO3Nstock","May_2020",2020-05-05
"SP_ONT_22",2.385,"NO3Nstock","May_2020",2020-05-05
"SP_OT_11",3.065,"NO3Nstock","May_2020",2020-05-05
"SP_OT_11",2.76,"NO3Nstock","May_2020",2020-05-05
"SP_OT_11",3.53,"NO3Nstock","May_2020",2020-05-05
"SP_OT_11",3.725,"NO3Nstock","May_2020",2020-05-05
"SP_OT_12",2.72,"NO3Nstock","May_2020",2020-05-05
"SP_OT_12",3.935,"NO3Nstock","May_2020",2020-05-05
"SP_OT_12",1.94,"NO3Nstock","May_2020",2020-05-05
"SP_OT_12",3.225,"NO3Nstock","May_2020",2020-05-05
"SP_COS_41",0.1,"netMIN","May_2020",2020-05-05
"SP_COS_41",0.13,"netMIN","May_2020",2020-05-05
"SP_COS_41",0.1,"netMIN","May_2020",2020-05-05
"SP_COS_41",0.14,"netMIN","May_2020",2020-05-05
"SP_COS_42",0.23,"netMIN","May_2020",2020-05-05
"SP_COS_42",0.19,"netMIN","May_2020",2020-05-05
"SP_COS_42",0.07,"netMIN","May_2020",2020-05-05
"SP_COS_42",0.39,"netMIN","May_2020",2020-05-05
"SP_COV_31",0.18,"netMIN","May_2020",2020-05-05
"SP_COV_31",0.23,"netMIN","May_2020",2020-05-05
"SP_COV_31",0.29,"netMIN","May_2020",2020-05-05
"SP_COV_31",0.24,"netMIN","May_2020",2020-05-05
"SP_COV_32",0.2,"netMIN","May_2020",2020-05-05
"SP_COV_32",0.25,"netMIN","May_2020",2020-05-05
"SP_COV_32",0.13,"netMIN","May_2020",2020-05-05
"SP_COV_32",0.18,"netMIN","May_2020",2020-05-05
"SP_ONT_21",0.18,"netMIN","May_2020",2020-05-05
"SP_ONT_21",0,"netMIN","May_2020",2020-05-05
"SP_ONT_21",-0.14,"netMIN","May_2020",2020-05-05
"SP_ONT_21",0.07,"netMIN","May_2020",2020-05-05
"SP_ONT_22",0.11,"netMIN","May_2020",2020-05-05
"SP_ONT_22",0.2,"netMIN","May_2020",2020-05-05
"SP_ONT_22",0.21,"netMIN","May_2020",2020-05-05
"SP_ONT_22",0.18,"netMIN","May_2020",2020-05-05
"SP_OT_11",0.06,"netMIN","May_2020",2020-05-05
"SP_OT_11",0.17,"netMIN","May_2020",2020-05-05
"SP_OT_11",0,"netMIN","May_2020",2020-05-05
"SP_OT_11",0.03,"netMIN","May_2020",2020-05-05
"SP_OT_12",0.01,"netMIN","May_2020",2020-05-05
"SP_OT_12",0.04,"netMIN","May_2020",2020-05-05
"SP_OT_12",0.15,"netMIN","May_2020",2020-05-05
"SP_OT_12",0.07,"netMIN","May_2020",2020-05-05
"SP_COS_41",0.67,"netNIT","May_2020",2020-05-05
"SP_COS_41",0.77,"netNIT","May_2020",2020-05-05
"SP_COS_41",0.59,"netNIT","May_2020",2020-05-05
"SP_COS_41",0.59,"netNIT","May_2020",2020-05-05
"SP_COS_42",0.6,"netNIT","May_2020",2020-05-05
"SP_COS_42",0.63,"netNIT","May_2020",2020-05-05
"SP_COS_42",0.73,"netNIT","May_2020",2020-05-05
"SP_COS_42",0.13,"netNIT","May_2020",2020-05-05
"SP_COV_31",0.61,"netNIT","May_2020",2020-05-05
"SP_COV_31",0.87,"netNIT","May_2020",2020-05-05
"SP_COV_31",0.79,"netNIT","May_2020",2020-05-05
"SP_COV_31",0.73,"netNIT","May_2020",2020-05-05
"SP_COV_32",0.49,"netNIT","May_2020",2020-05-05
"SP_COV_32",0.7,"netNIT","May_2020",2020-05-05
"SP_COV_32",0.57,"netNIT","May_2020",2020-05-05
"SP_COV_32",0.58,"netNIT","May_2020",2020-05-05
"SP_ONT_21",0.76,"netNIT","May_2020",2020-05-05
"SP_ONT_21",0.61,"netNIT","May_2020",2020-05-05
"SP_ONT_21",0.82,"netNIT","May_2020",2020-05-05
"SP_ONT_21",1.16,"netNIT","May_2020",2020-05-05
"SP_ONT_22",0.52,"netNIT","May_2020",2020-05-05
"SP_ONT_22",0.55,"netNIT","May_2020",2020-05-05
"SP_ONT_22",0.63,"netNIT","May_2020",2020-05-05
"SP_ONT_22",0.63,"netNIT","May_2020",2020-05-05
"SP_OT_11",0.49,"netNIT","May_2020",2020-05-05
"SP_OT_11",1.34,"netNIT","May_2020",2020-05-05
"SP_OT_11",0.61,"netNIT","May_2020",2020-05-05
"SP_OT_11",0.58,"netNIT","May_2020",2020-05-05
"SP_OT_12",0.41,"netNIT","May_2020",2020-05-05
"SP_OT_12",0.42,"netNIT","May_2020",2020-05-05
"SP_OT_12",0.58,"netNIT","May_2020",2020-05-05
"SP_OT_12",0.54,"netNIT","May_2020",2020-05-05
"SP_OT_11A",8.815,"NH4Nstock","Oct_2020",2020-11-03
"SP_OT_11B",4.87,"NH4Nstock","Oct_2020",2020-11-03
"SP_OT_11C",5.855,"NH4Nstock","Oct_2020",2020-11-03
"SP_OT_11D",5.76,"NH4Nstock","Oct_2020",2020-11-03
"SP_OT_12A",3.275,"NH4Nstock","Oct_2020",2020-11-03
"SP_OT_12B",5.615,"NH4Nstock","Oct_2020",2020-11-03
"SP_OT_12C",4.68,"NH4Nstock","Oct_2020",2020-11-03
"SP_OT_12D",4.545,"NH4Nstock","Oct_2020",2020-11-03
"SP_ONT_21A",5.835,"NH4Nstock","Oct_2020",2020-11-03
"SP_ONT_21B",6.885,"NH4Nstock","Oct_2020",2020-11-03
"SP_ONT_21C",4.33,"NH4Nstock","Oct_2020",2020-11-03
"SP_ONT_21D",10.15,"NH4Nstock","Oct_2020",2020-11-03
"SP_ONT_22A",6.785,"NH4Nstock","Oct_2020",2020-11-03
"SP_ONT_22B",7.725,"NH4Nstock","Oct_2020",2020-11-03
"SP_ONT_22C",14.095,"NH4Nstock","Oct_2020",2020-11-03
"SP_ONT_22D",4.195,"NH4Nstock","Oct_2020",2020-11-03
"SP_COV_31A",5.395,"NH4Nstock","Oct_2020",2020-11-03
"SP_COV_31B",5.125,"NH4Nstock","Oct_2020",2020-11-03
"SP_COV_31C",7.695,"NH4Nstock","Oct_2020",2020-11-03
"SP_COV_31D",3.375,"NH4Nstock","Oct_2020",2020-11-03
"SP_COV_32A",6.815,"NH4Nstock","Oct_2020",2020-11-03
"SP_COV_32B",9.335,"NH4Nstock","Oct_2020",2020-11-03
"SP_COV_32C",9.775,"NH4Nstock","Oct_2020",2020-11-03
"SP_COV_32D",6.95,"NH4Nstock","Oct_2020",2020-11-03
"SP_COS_41A",4.64,"NH4Nstock","Oct_2020",2020-11-03
"SP_COS_41B",9.825,"NH4Nstock","Oct_2020",2020-11-03
"SP_COS_41C",7.79,"NH4Nstock","Oct_2020",2020-11-03
"SP_COS_41D",4.78,"NH4Nstock","Oct_2020",2020-11-03
"SP_COS_42A",7.645,"NH4Nstock","Oct_2020",2020-11-03
"SP_COS_42B",4.36,"NH4Nstock","Oct_2020",2020-11-03
"SP_COS_42C",4.72,"NH4Nstock","Oct_2020",2020-11-03
"SP_COS_42D",5.71,"NH4Nstock","Oct_2020",2020-11-03
"SP_OT_11A",1.49,"NO3Nstock","Oct_2020",2020-11-03
"SP_OT_11B",0.815,"NO3Nstock","Oct_2020",2020-11-03
"SP_OT_11C",0.8,"NO3Nstock","Oct_2020",2020-11-03
"SP_OT_11D",0.475,"NO3Nstock","Oct_2020",2020-11-03
"SP_OT_12A",0.805,"NO3Nstock","Oct_2020",2020-11-03
"SP_OT_12B",0.96,"NO3Nstock","Oct_2020",2020-11-03
"SP_OT_12C",1.085,"NO3Nstock","Oct_2020",2020-11-03
"SP_OT_12D",0.745,"NO3Nstock","Oct_2020",2020-11-03
"SP_ONT_21A",1.1,"NO3Nstock","Oct_2020",2020-11-03
"SP_ONT_21B",0.855,"NO3Nstock","Oct_2020",2020-11-03
"SP_ONT_21C",0.535,"NO3Nstock","Oct_2020",2020-11-03
"SP_ONT_21D",0.68,"NO3Nstock","Oct_2020",2020-11-03
"SP_ONT_22A",0.745,"NO3Nstock","Oct_2020",2020-11-03
"SP_ONT_22B",1.255,"NO3Nstock","Oct_2020",2020-11-03
"SP_ONT_22C",3.495,"NO3Nstock","Oct_2020",2020-11-03
"SP_ONT_22D",3.495,"NO3Nstock","Oct_2020",2020-11-03
"SP_COV_31A",0.985,"NO3Nstock","Oct_2020",2020-11-03
"SP_COV_31B",0.995,"NO3Nstock","Oct_2020",2020-11-03
"SP_COV_31C",2.535,"NO3Nstock","Oct_2020",2020-11-03
"SP_COV_31D",1.06,"NO3Nstock","Oct_2020",2020-11-03
"SP_COV_32A",1.36,"NO3Nstock","Oct_2020",2020-11-03
"SP_COV_32B",1.475,"NO3Nstock","Oct_2020",2020-11-03
"SP_COV_32C",1.965,"NO3Nstock","Oct_2020",2020-11-03
"SP_COV_32D",0.725,"NO3Nstock","Oct_2020",2020-11-03
"SP_COS_41A",1.6,"NO3Nstock","Oct_2020",2020-11-03
"SP_COS_41B",0.965,"NO3Nstock","Oct_2020",2020-11-03
"SP_COS_41C",1.055,"NO3Nstock","Oct_2020",2020-11-03
"SP_COS_41D",1.04,"NO3Nstock","Oct_2020",2020-11-03
"SP_COS_42A",0.915,"NO3Nstock","Oct_2020",2020-11-03
"SP_COS_42B",1.655,"NO3Nstock","Oct_2020",2020-11-03
"SP_COS_42C",2.27,"NO3Nstock","Oct_2020",2020-11-03
"SP_COS_42D",1.735,"NO3Nstock","Oct_2020",2020-11-03
"SP_COS_41A",0.05921802,"netMIN","Oct_2020",2020-11-03
"SP_COS_41B",-0.1210098,"netMIN","Oct_2020",2020-11-03
"SP_COS_41C",-0.09345935,"netMIN","Oct_2020",2020-11-03
"SP_COS_41D",0.005587778,"netMIN","Oct_2020",2020-11-03
"SP_COS_42A",0.2337235,"netMIN","Oct_2020",2020-11-03
"SP_COS_42B",-0.03583376,"netMIN","Oct_2020",2020-11-03
"SP_COS_42C",0.02551269,"netMIN","Oct_2020",2020-11-03
"SP_COS_42D",0.0223537,"netMIN","Oct_2020",2020-11-03
"SP_COV_31A",0.0300233,"netMIN","Oct_2020",2020-11-03
"SP_COV_31B",-0.02733299,"netMIN","Oct_2020",2020-11-03
"SP_COV_31C",-0.07682807,"netMIN","Oct_2020",2020-11-03
"SP_COV_31D",-0.01588296,"netMIN","Oct_2020",2020-11-03
"SP_COV_32A",-0.004888659,"netMIN","Oct_2020",2020-11-03
"SP_COV_32B",-0.06604091,"netMIN","Oct_2020",2020-11-03
"SP_COV_32C",-0.09139047,"netMIN","Oct_2020",2020-11-03
"SP_COV_32D",-0.05430088,"netMIN","Oct_2020",2020-11-03
"SP_ONT_21A",-0.3508364,"netMIN","Oct_2020",2020-11-03
"SP_ONT_21B",-0.01106681,"netMIN","Oct_2020",2020-11-03
"SP_ONT_21C",0.04729674,"netMIN","Oct_2020",2020-11-03
"SP_ONT_21D",-0.09470482,"netMIN","Oct_2020",2020-11-03
"SP_ONT_22A",0.6532056,"netMIN","Oct_2020",2020-11-03
"SP_ONT_22B",0.1534127,"netMIN","Oct_2020",2020-11-03
"SP_ONT_22C",-0.1588581,"netMIN","Oct_2020",2020-11-03
"SP_ONT_22D",0.06124547,"netMIN","Oct_2020",2020-11-03
"SP_OT_11A",-0.06298809,"netMIN","Oct_2020",2020-11-03
"SP_OT_11B",-0.01104609,"netMIN","Oct_2020",2020-11-03
"SP_OT_11C",0.01260487,"netMIN","Oct_2020",2020-11-03
"SP_OT_11D",0.04096064,"netMIN","Oct_2020",2020-11-03
"SP_OT_12A",0.01500777,"netMIN","Oct_2020",2020-11-03
"SP_OT_12B",-0.052232,"netMIN","Oct_2020",2020-11-03
"SP_OT_12C",0.04245986,"netMIN","Oct_2020",2020-11-03
"SP_OT_12D",-0.02110823,"netMIN","Oct_2020",2020-11-03
"SP_COS_41A",1.115787,"netNIT","Oct_2020",2020-11-03
"SP_COS_41B",0.8312066,"netNIT","Oct_2020",2020-11-03
"SP_COS_41C",0.5996686,"netNIT","Oct_2020",2020-11-03
"SP_COS_41D",0.5825065,"netNIT","Oct_2020",2020-11-03
"SP_COS_42A",1.687949,"netNIT","Oct_2020",2020-11-03
"SP_COS_42B",0.685593,"netNIT","Oct_2020",2020-11-03
"SP_COS_42C",1.026551,"netNIT","Oct_2020",2020-11-03
"SP_COS_42D",0.8469213,"netNIT","Oct_2020",2020-11-03
"SP_COV_31A",1.140575,"netNIT","Oct_2020",2020-11-03
"SP_COV_31B",0.5458312,"netNIT","Oct_2020",2020-11-03
"SP_COV_31C",0.6062273,"netNIT","Oct_2020",2020-11-03
"SP_COV_31D",0.3183014,"netNIT","Oct_2020",2020-11-03
"SP_COV_32A",0.7037002,"netNIT","Oct_2020",2020-11-03
"SP_COV_32B",0.5966649,"netNIT","Oct_2020",2020-11-03
"SP_COV_32C",1.083866,"netNIT","Oct_2020",2020-11-03
"SP_COV_32D",0.7881227,"netNIT","Oct_2020",2020-11-03
"SP_ONT_21A",0.1068876,"netNIT","Oct_2020",2020-11-03
"SP_ONT_21B",0.8663465,"netNIT","Oct_2020",2020-11-03
"SP_ONT_21C",0.6717323,"netNIT","Oct_2020",2020-11-03
"SP_ONT_21D",0.9483376,"netNIT","Oct_2020",2020-11-03
"SP_ONT_22A",0.0104376,"netNIT","Oct_2020",2020-11-03
"SP_ONT_22B",0.0128871,"netNIT","Oct_2020",2020-11-03
"SP_ONT_22C",1.112066,"netNIT","Oct_2020",2020-11-03
"SP_ONT_22D",0.8453004,"netNIT","Oct_2020",2020-11-03
"SP_OT_11A",0.6607639,"netNIT","Oct_2020",2020-11-03
"SP_OT_11B",2.281592,"netNIT","Oct_2020",2020-11-03
"SP_OT_11C",0.7273951,"netNIT","Oct_2020",2020-11-03
"SP_OT_11D",0.6920792,"netNIT","Oct_2020",2020-11-03
"SP_OT_12A",0.5148472,"netNIT","Oct_2020",2020-11-03
"SP_OT_12B",0.5554324,"netNIT","Oct_2020",2020-11-03
"SP_OT_12C",0.9993915,"netNIT","Oct_2020",2020-11-03
"SP_OT_12D",0.5645676,"netNIT","Oct_2020",2020-11-03
"SP_OT_11A",1.5,"NH4Nstock","Sep_2020",2020-09-21
"SP_OT_11B",1.185,"NH4Nstock","Sep_2020",2020-09-21
"SP_OT_11C",0.965,"NH4Nstock","Sep_2020",2020-09-21
"SP_OT_11D",1.405,"NH4Nstock","Sep_2020",2020-09-21
"SP_OT_12A",1.185,"NH4Nstock","Sep_2020",2020-09-21
"SP_OT_12B",0.225,"NH4Nstock","Sep_2020",2020-09-21
"SP_OT_12C",0.88,"NH4Nstock","Sep_2020",2020-09-21
"SP_OT_12D",1.605,"NH4Nstock","Sep_2020",2020-09-21
"SP_ONT_21A",0.91,"NH4Nstock","Sep_2020",2020-09-21
"SP_ONT_21B",2.34,"NH4Nstock","Sep_2020",2020-09-21
"SP_ONT_21C",1.165,"NH4Nstock","Sep_2020",2020-09-21
"SP_ONT_21D",1.06,"NH4Nstock","Sep_2020",2020-09-21
"SP_ONT_22A",1.07,"NH4Nstock","Sep_2020",2020-09-21
"SP_ONT_22B",0.495,"NH4Nstock","Sep_2020",2020-09-21
"SP_ONT_22C",1.105,"NH4Nstock","Sep_2020",2020-09-21
"SP_ONT_22D",1.52,"NH4Nstock","Sep_2020",2020-09-21
"SP_COV_31A",2.235,"NH4Nstock","Sep_2020",2020-09-21
"SP_COV_31B",1.53,"NH4Nstock","Sep_2020",2020-09-21
"SP_COV_31C",1.51,"NH4Nstock","Sep_2020",2020-09-21
"SP_COV_31D",1.69,"NH4Nstock","Sep_2020",2020-09-21
"SP_COV_32A",2.825,"NH4Nstock","Sep_2020",2020-09-21
"SP_COV_32B",2.015,"NH4Nstock","Sep_2020",2020-09-21
"SP_COV_32C",1.895,"NH4Nstock","Sep_2020",2020-09-21
"SP_COV_32D",2.065,"NH4Nstock","Sep_2020",2020-09-21
"SP_COS_41A",0.78,"NH4Nstock","Sep_2020",2020-09-21
"SP_COS_41B",1.765,"NH4Nstock","Sep_2020",2020-09-21
"SP_COS_41C",1.26,"NH4Nstock","Sep_2020",2020-09-21
"SP_COS_41D",2.52,"NH4Nstock","Sep_2020",2020-09-21
"SP_COS_42A",3.005,"NH4Nstock","Sep_2020",2020-09-21
"SP_COS_42B",2.915,"NH4Nstock","Sep_2020",2020-09-21
"SP_COS_42C",1.525,"NH4Nstock","Sep_2020",2020-09-21
"SP_COS_42D",2.45,"NH4Nstock","Sep_2020",2020-09-21
"SP_OT_11A",22.5,"NO3Nstock","Sep_2020",2020-09-21
"SP_OT_11B",5.835,"NO3Nstock","Sep_2020",2020-09-21
"SP_OT_11C",2.85,"NO3Nstock","Sep_2020",2020-09-21
"SP_OT_11D",5.94,"NO3Nstock","Sep_2020",2020-09-21
"SP_OT_12A",7.56,"NO3Nstock","Sep_2020",2020-09-21
"SP_OT_12B",5.12,"NO3Nstock","Sep_2020",2020-09-21
"SP_OT_12C",7.47,"NO3Nstock","Sep_2020",2020-09-21
"SP_OT_12D",2.55,"NO3Nstock","Sep_2020",2020-09-21
"SP_ONT_21A",4.465,"NO3Nstock","Sep_2020",2020-09-21
"SP_ONT_21B",12.24,"NO3Nstock","Sep_2020",2020-09-21
"SP_ONT_21C",17.875,"NO3Nstock","Sep_2020",2020-09-21
"SP_ONT_21D",24.415,"NO3Nstock","Sep_2020",2020-09-21
"SP_ONT_22A",4.005,"NO3Nstock","Sep_2020",2020-09-21
"SP_ONT_22B",6.805,"NO3Nstock","Sep_2020",2020-09-21
"SP_ONT_22C",10.965,"NO3Nstock","Sep_2020",2020-09-21
"SP_ONT_22D",3.13,"NO3Nstock","Sep_2020",2020-09-21
"SP_COV_31A",2.205,"NO3Nstock","Sep_2020",2020-09-21
"SP_COV_31B",3.165,"NO3Nstock","Sep_2020",2020-09-21
"SP_COV_31C",2.105,"NO3Nstock","Sep_2020",2020-09-21
"SP_COV_31D",1.98,"NO3Nstock","Sep_2020",2020-09-21
"SP_COV_32A",5.725,"NO3Nstock","Sep_2020",2020-09-21
"SP_COV_32B",4,"NO3Nstock","Sep_2020",2020-09-21
"SP_COV_32C",1.845,"NO3Nstock","Sep_2020",2020-09-21
"SP_COV_32D",5.79,"NO3Nstock","Sep_2020",2020-09-21
"SP_COS_41A",2.115,"NO3Nstock","Sep_2020",2020-09-21
"SP_COS_41B",3.73,"NO3Nstock","Sep_2020",2020-09-21
"SP_COS_41C",2.1,"NO3Nstock","Sep_2020",2020-09-21
"SP_COS_41D",3.28,"NO3Nstock","Sep_2020",2020-09-21
"SP_COS_42A",9.145,"NO3Nstock","Sep_2020",2020-09-21
"SP_COS_42B",8.92,"NO3Nstock","Sep_2020",2020-09-21
"SP_COS_42C",5.29,"NO3Nstock","Sep_2020",2020-09-21
"SP_COS_42D",4.055,"NO3Nstock","Sep_2020",2020-09-21
"SP_COS_41A",-0.111595,"netMIN","Sep_2020",2020-09-21
"SP_COS_41B",-0.2108726,"netMIN","Sep_2020",2020-09-21
"SP_COS_41C",-0.1178042,"netMIN","Sep_2020",2020-09-21
"SP_COS_41D",-0.1923382,"netMIN","Sep_2020",2020-09-21
"SP_COS_42A",-0.1693061,"netMIN","Sep_2020",2020-09-21
"SP_COS_42B",-0.2815976,"netMIN","Sep_2020",2020-09-21
"SP_COS_42C",-0.27239,"netMIN","Sep_2020",2020-09-21
"SP_COS_42D",-0.2650803,"netMIN","Sep_2020",2020-09-21
"SP_COV_31A",-0.1461082,"netMIN","Sep_2020",2020-09-21
"SP_COV_31B",-0.14174,"netMIN","Sep_2020",2020-09-21
"SP_COV_31C",-0.1041999,"netMIN","Sep_2020",2020-09-21
"SP_COV_31D",-0.009808389,"netMIN","Sep_2020",2020-09-21
"SP_COV_32A",-0.2865976,"netMIN","Sep_2020",2020-09-21
"SP_COV_32B",-0.2509218,"netMIN","Sep_2020",2020-09-21
"SP_COV_32C",-0.1224133,"netMIN","Sep_2020",2020-09-21
"SP_COV_32D",-0.183115,"netMIN","Sep_2020",2020-09-21
"SP_ONT_21A",-0.08853185,"netMIN","Sep_2020",2020-09-21
"SP_ONT_21B",-0.1537519,"netMIN","Sep_2020",2020-09-21
"SP_ONT_21C",-0.08008804,"netMIN","Sep_2020",2020-09-21
"SP_ONT_21D",-0.08651217,"netMIN","Sep_2020",2020-09-21
"SP_ONT_22A",-0.1194614,"netMIN","Sep_2020",2020-09-21
"SP_ONT_22B",-0.06942517,"netMIN","Sep_2020",2020-09-21
"SP_ONT_22C",-0.08206888,"netMIN","Sep_2020",2020-09-21
"SP_ONT_22D",-0.1008778,"netMIN","Sep_2020",2020-09-21
"SP_OT_11A",-0.1408881,"netMIN","Sep_2020",2020-09-21
"SP_OT_11B",-0.07870275,"netMIN","Sep_2020",2020-09-21
"SP_OT_11C",-0.09134386,"netMIN","Sep_2020",2020-09-21
"SP_OT_11D",-0.1142724,"netMIN","Sep_2020",2020-09-21
"SP_OT_12A",-0.1061652,"netMIN","Sep_2020",2020-09-21
"SP_OT_12B",-0.048203,"netMIN","Sep_2020",2020-09-21
"SP_OT_12C",-0.08104609,"netMIN","Sep_2020",2020-09-21
"SP_OT_12D",-0.09381926,"netMIN","Sep_2020",2020-09-21
"SP_COS_41A",0.2442051,"netNIT","Sep_2020",2020-09-21
"SP_COS_41B",0.3281616,"netNIT","Sep_2020",2020-09-21
"SP_COS_41C",0.5952848,"netNIT","Sep_2020",2020-09-21
"SP_COS_41D",0.6368488,"netNIT","Sep_2020",2020-09-21
"SP_COS_42A",0.8633221,"netNIT","Sep_2020",2020-09-21
"SP_COS_42B",1.040202,"netNIT","Sep_2020",2020-09-21
"SP_COS_42C",0.4569912,"netNIT","Sep_2020",2020-09-21
"SP_COS_42D",0.4161756,"netNIT","Sep_2020",2020-09-21
"SP_COV_31A",0.2133454,"netNIT","Sep_2020",2020-09-21
"SP_COV_31B",0.1695754,"netNIT","Sep_2020",2020-09-21
"SP_COV_31C",0.3758597,"netNIT","Sep_2020",2020-09-21
"SP_COV_31D",0.162957,"netNIT","Sep_2020",2020-09-21
"SP_COV_32A",0.3792387,"netNIT","Sep_2020",2020-09-21
"SP_COV_32B",0.4579544,"netNIT","Sep_2020",2020-09-21
"SP_COV_32C",0.4321388,"netNIT","Sep_2020",2020-09-21
"SP_COV_32D",0.4696349,"netNIT","Sep_2020",2020-09-21
"SP_ONT_21A",0.2517038,"netNIT","Sep_2020",2020-09-21
"SP_ONT_21B",0.2789824,"netNIT","Sep_2020",2020-09-21
"SP_ONT_21C",0.391986,"netNIT","Sep_2020",2020-09-21
"SP_ONT_21D",0.2357716,"netNIT","Sep_2020",2020-09-21
"SP_ONT_22A",0.2056318,"netNIT","Sep_2020",2020-09-21
"SP_ONT_22B",0.248928,"netNIT","Sep_2020",2020-09-21
"SP_ONT_22C",0.1949767,"netNIT","Sep_2020",2020-09-21
"SP_ONT_22D",0.1770922,"netNIT","Sep_2020",2020-09-21
"SP_OT_11A",0.5395262,"netNIT","Sep_2020",2020-09-21
"SP_OT_11B",0.1865847,"netNIT","Sep_2020",2020-09-21
"SP_OT_11C",0.08414552,"netNIT","Sep_2020",2020-09-21
"SP_OT_11D",0.0662377,"netNIT","Sep_2020",2020-09-21
"SP_OT_12A",0.1187183,"netNIT","Sep_2020",2020-09-21
"SP_OT_12B",0.1070016,"netNIT","Sep_2020",2020-09-21
"SP_OT_12C",0.1490911,"netNIT","Sep_2020",2020-09-21
"SP_OT_12D",0.09375712,"netNIT","Sep_2020",2020-09-21
"SP_OT_11A",2.735,"NH4Nstock","Mar_2021",2021-03-10
"SP_OT_11B",4.28,"NH4Nstock","Mar_2021",2021-03-10
"SP_OT_11C",3.905,"NH4Nstock","Mar_2021",2021-03-10
"SP_OT_11D",2.995,"NH4Nstock","Mar_2021",2021-03-10
"SP_OT_12A",4.195,"NH4Nstock","Mar_2021",2021-03-10
"SP_OT_12B",8.325,"NH4Nstock","Mar_2021",2021-03-10
"SP_OT_12C",8.325,"NH4Nstock","Mar_2021",2021-03-10
"SP_OT_12D",4.805,"NH4Nstock","Mar_2021",2021-03-10
"SP_ONT_21A",3.76,"NH4Nstock","Mar_2021",2021-03-10
"SP_ONT_21B",4.68,"NH4Nstock","Mar_2021",2021-03-10
"SP_ONT_21C",2.82,"NH4Nstock","Mar_2021",2021-03-10
"SP_ONT_21D",3.09,"NH4Nstock","Mar_2021",2021-03-10
"SP_ONT_22A",6.315,"NH4Nstock","Mar_2021",2021-03-10
"SP_ONT_22B",4.085,"NH4Nstock","Mar_2021",2021-03-10
"SP_ONT_22C",4.44,"NH4Nstock","Mar_2021",2021-03-10
"SP_ONT_22D",3.89,"NH4Nstock","Mar_2021",2021-03-10
"SP_COV_31A",2.63,"NH4Nstock","Mar_2021",2021-03-10
"SP_COV_31B",2.73,"NH4Nstock","Mar_2021",2021-03-10
"SP_COV_31C",5.375,"NH4Nstock","Mar_2021",2021-03-10
"SP_COV_31D",2.34,"NH4Nstock","Mar_2021",2021-03-10
"SP_COV_32A",5.35,"NH4Nstock","Mar_2021",2021-03-10
"SP_COV_32B",7.505,"NH4Nstock","Mar_2021",2021-03-10
"SP_COV_32C",13.13,"NH4Nstock","Mar_2021",2021-03-10
"SP_COV_32D",6.37,"NH4Nstock","Mar_2021",2021-03-10
"SP_COS_41A",2.945,"NH4Nstock","Mar_2021",2021-03-10
"SP_COS_41B",3.07,"NH4Nstock","Mar_2021",2021-03-10
"SP_COS_41C",3.555,"NH4Nstock","Mar_2021",2021-03-10
"SP_COS_41D",3.77,"NH4Nstock","Mar_2021",2021-03-10
"SP_COS_42A",5.795,"NH4Nstock","Mar_2021",2021-03-10
"SP_COS_42B",4.51,"NH4Nstock","Mar_2021",2021-03-10
"SP_COS_42C",6.29,"NH4Nstock","Mar_2021",2021-03-10
"SP_COS_42D",3.535,"NH4Nstock","Mar_2021",2021-03-10
"SP_OT_11A",1.03,"NO3Nstock","Mar_2021",2021-03-10
"SP_OT_11B",0.88,"NO3Nstock","Mar_2021",2021-03-10
"SP_OT_11C",3.095,"NO3Nstock","Mar_2021",2021-03-10
"SP_OT_11D",1.45,"NO3Nstock","Mar_2021",2021-03-10
"SP_OT_12A",1.83,"NO3Nstock","Mar_2021",2021-03-10
"SP_OT_12B",NA,"NO3Nstock","Mar_2021",2021-03-10
"SP_OT_12C",3.495,"NO3Nstock","Mar_2021",2021-03-10
"SP_OT_12D",5.16,"NO3Nstock","Mar_2021",2021-03-10
"SP_ONT_21A",1.315,"NO3Nstock","Mar_2021",2021-03-10
"SP_ONT_21B",1.125,"NO3Nstock","Mar_2021",2021-03-10
"SP_ONT_21C",2.23,"NO3Nstock","Mar_2021",2021-03-10
"SP_ONT_21D",1.685,"NO3Nstock","Mar_2021",2021-03-10
"SP_ONT_22A",1.155,"NO3Nstock","Mar_2021",2021-03-10
"SP_ONT_22B",3.135,"NO3Nstock","Mar_2021",2021-03-10
"SP_ONT_22C",1.66,"NO3Nstock","Mar_2021",2021-03-10
"SP_ONT_22D",1.66,"NO3Nstock","Mar_2021",2021-03-10
"SP_COV_31A",2.735,"NO3Nstock","Mar_2021",2021-03-10
"SP_COV_31B",1.625,"NO3Nstock","Mar_2021",2021-03-10
"SP_COV_31C",1.97,"NO3Nstock","Mar_2021",2021-03-10
"SP_COV_31D",2.1,"NO3Nstock","Mar_2021",2021-03-10
"SP_COV_32A",3.455,"NO3Nstock","Mar_2021",2021-03-10
"SP_COV_32B",3.125,"NO3Nstock","Mar_2021",2021-03-10
"SP_COV_32C",5.635,"NO3Nstock","Mar_2021",2021-03-10
"SP_COV_32D",2.525,"NO3Nstock","Mar_2021",2021-03-10
"SP_COS_41A",1.92,"NO3Nstock","Mar_2021",2021-03-10
"SP_COS_41B",1.51,"NO3Nstock","Mar_2021",2021-03-10
"SP_COS_41C",1.93,"NO3Nstock","Mar_2021",2021-03-10
"SP_COS_41D",1.92,"NO3Nstock","Mar_2021",2021-03-10
"SP_COS_42A",2.35,"NO3Nstock","Mar_2021",2021-03-10
"SP_COS_42B",2.165,"NO3Nstock","Mar_2021",2021-03-10
"SP_COS_42C",2.665,"NO3Nstock","Mar_2021",2021-03-10
"SP_COS_42D",2.185,"NO3Nstock","Mar_2021",2021-03-10
"SP_COS_41A",-0.1827007,"netMIN","Mar_2021",2021-03-10
"SP_COS_41B",-0.1724754,"netMIN","Mar_2021",2021-03-10
"SP_COS_41C",-0.1831952,"netMIN","Mar_2021",2021-03-10
"SP_COS_41D",-0.1792387,"netMIN","Mar_2021",2021-03-10
"SP_COS_42A",-0.3113439,"netMIN","Mar_2021",2021-03-10
"SP_COS_42B",-0.2237623,"netMIN","Mar_2021",2021-03-10
"SP_COS_42C",-0.2621051,"netMIN","Mar_2021",2021-03-10
"SP_COS_42D",-0.1529855,"netMIN","Mar_2021",2021-03-10
"SP_COV_31A",-0.0981072,"netMIN","Mar_2021",2021-03-10
"SP_COV_31B",-0.1245184,"netMIN","Mar_2021",2021-03-10
"SP_COV_31C",-0.2405386,"netMIN","Mar_2021",2021-03-10
"SP_COV_31D",0.005590368,"netMIN","Mar_2021",2021-03-10
"SP_COV_32A",-0.2572683,"netMIN","Mar_2021",2021-03-10
"SP_COV_32B",-0.2853988,"netMIN","Mar_2021",2021-03-10
"SP_COV_32C",-0.3616624,"netMIN","Mar_2021",2021-03-10
"SP_COV_32D",-0.3571958,"netMIN","Mar_2021",2021-03-10
"SP_ONT_21A",-0.1705722,"netMIN","Mar_2021",2021-03-10
"SP_ONT_21B",-0.2096194,"netMIN","Mar_2021",2021-03-10
"SP_ONT_21C",-0.1642543,"netMIN","Mar_2021",2021-03-10
"SP_ONT_21D",-0.183827,"netMIN","Mar_2021",2021-03-10
"SP_ONT_22A",-0.223115,"netMIN","Mar_2021",2021-03-10
"SP_ONT_22B",-0.1799612,"netMIN","Mar_2021",2021-03-10
"SP_ONT_22C",-0.2316882,"netMIN","Mar_2021",2021-03-10
"SP_ONT_22D",-0.1888814,"netMIN","Mar_2021",2021-03-10
"SP_OT_11A",-0.05635422,"netMIN","Mar_2021",2021-03-10
"SP_OT_11B",-0.1472294,"netMIN","Mar_2021",2021-03-10
"SP_OT_11C",-0.1682496,"netMIN","Mar_2021",2021-03-10
"SP_OT_11D",-0.1080735,"netMIN","Mar_2021",2021-03-10
"SP_OT_12A",-0.1528793,"netMIN","Mar_2021",2021-03-10
"SP_OT_12B",-0.2996168,"netMIN","Mar_2021",2021-03-10
"SP_OT_12C",-0.3044511,"netMIN","Mar_2021",2021-03-10
"SP_OT_12D",-0.1614397,"netMIN","Mar_2021",2021-03-10
"SP_COS_41A",0.8675065,"netNIT","Mar_2021",2021-03-10
"SP_COS_41B",0.6290238,"netNIT","Mar_2021",2021-03-10
"SP_COS_41C",0.6979259,"netNIT","Mar_2021",2021-03-10
"SP_COS_41D",1.053392,"netNIT","Mar_2021",2021-03-10
"SP_COS_42A",1.298555,"netNIT","Mar_2021",2021-03-10
"SP_COS_42B",1.163226,"netNIT","Mar_2021",2021-03-10
"SP_COS_42C",1.255375,"netNIT","Mar_2021",2021-03-10
"SP_COS_42D",0.8333402,"netNIT","Mar_2021",2021-03-10
"SP_COV_31A",0.59413,"netNIT","Mar_2021",2021-03-10
"SP_COV_31B",0.8506758,"netNIT","Mar_2021",2021-03-10
"SP_COV_31C",0.9455334,"netNIT","Mar_2021",2021-03-10
"SP_COV_31D",-0.08688503,"netNIT","Mar_2021",2021-03-10
"SP_COV_32A",1.270857,"netNIT","Mar_2021",2021-03-10
"SP_COV_32B",0.8704169,"netNIT","Mar_2021",2021-03-10
"SP_COV_32C",1.009265,"netNIT","Mar_2021",2021-03-10
"SP_COV_32D",1.121688,"netNIT","Mar_2021",2021-03-10
"SP_ONT_21A",0.8345935,"netNIT","Mar_2021",2021-03-10
"SP_ONT_21B",0.6971491,"netNIT","Mar_2021",2021-03-10
"SP_ONT_21C",1.249047,"netNIT","Mar_2021",2021-03-10
"SP_ONT_21D",1.113729,"netNIT","Mar_2021",2021-03-10
"SP_ONT_22A",1.010034,"netNIT","Mar_2021",2021-03-10
"SP_ONT_22B",0.5239073,"netNIT","Mar_2021",2021-03-10
"SP_ONT_22C",1.017216,"netNIT","Mar_2021",2021-03-10
"SP_ONT_22D",0.7018824,"netNIT","Mar_2021",2021-03-10
"SP_OT_11A",0.945101,"netNIT","Mar_2021",2021-03-10
"SP_OT_11B",1.20332,"netNIT","Mar_2021",2021-03-10
"SP_OT_11C",0.9182833,"netNIT","Mar_2021",2021-03-10
"SP_OT_11D",0.8097514,"netNIT","Mar_2021",2021-03-10
"SP_OT_12A",8.503333,"netNIT","Mar_2021",2021-03-10
"SP_OT_12B",1.253571,"netNIT","Mar_2021",2021-03-10
"SP_OT_12C",0.9387597,"netNIT","Mar_2021",2021-03-10
"SP_OT_12D",1.925357,"netNIT","Mar_2021",2021-03-10
"SP_OT_11A",9.08,"NH4Nstock","May_2021",2021-05-10
"SP_OT_11B",12.125,"NH4Nstock","May_2021",2021-05-10
"SP_OT_11C",13.39,"NH4Nstock","May_2021",2021-05-10
"SP_OT_11D",10.245,"NH4Nstock","May_2021",2021-05-10
"SP_OT_12A",12.84,"NH4Nstock","May_2021",2021-05-10
"SP_OT_12B",6.995,"NH4Nstock","May_2021",2021-05-10
"SP_OT_12C",11.73,"NH4Nstock","May_2021",2021-05-10
"SP_OT_12D",10.17,"NH4Nstock","May_2021",2021-05-10
"SP_ONT_21A",11.22,"NH4Nstock","May_2021",2021-05-10
"SP_ONT_21B",14.37,"NH4Nstock","May_2021",2021-05-10
"SP_ONT_21C",12.825,"NH4Nstock","May_2021",2021-05-10
"SP_ONT_21D",16.395,"NH4Nstock","May_2021",2021-05-10
"SP_ONT_22A",12.63,"NH4Nstock","May_2021",2021-05-10
"SP_ONT_22B",15.61,"NH4Nstock","May_2021",2021-05-10
"SP_ONT_22C",NA,"NH4Nstock","May_2021",2021-05-10
"SP_ONT_22D",11.88,"NH4Nstock","May_2021",2021-05-10
"SP_COV_31A",8.625,"NH4Nstock","May_2021",2021-05-10
"SP_COV_31B",12.185,"NH4Nstock","May_2021",2021-05-10
"SP_COV_31C",NA,"NH4Nstock","May_2021",2021-05-10
"SP_COV_31D",12.705,"NH4Nstock","May_2021",2021-05-10
"SP_COV_32A",14.575,"NH4Nstock","May_2021",2021-05-10
"SP_COV_32B",19.74,"NH4Nstock","May_2021",2021-05-10
"SP_COV_32C",12.565,"NH4Nstock","May_2021",2021-05-10
"SP_COV_32D",21.785,"NH4Nstock","May_2021",2021-05-10
"SP_COS_41A",13.895,"NH4Nstock","May_2021",2021-05-10
"SP_COS_41B",8.42,"NH4Nstock","May_2021",2021-05-10
"SP_COS_41C",17.455,"NH4Nstock","May_2021",2021-05-10
"SP_COS_41D",17.685,"NH4Nstock","May_2021",2021-05-10
"SP_COS_42A",12.08,"NH4Nstock","May_2021",2021-05-10
"SP_COS_42B",16.35,"NH4Nstock","May_2021",2021-05-10
"SP_COS_42C",14.305,"NH4Nstock","May_2021",2021-05-10
"SP_COS_42D",12.7,"NH4Nstock","May_2021",2021-05-10
"SP_OT_11A",3.455,"NO3Nstock","May_2021",2021-05-10
"SP_OT_11B",3.21,"NO3Nstock","May_2021",2021-05-10
"SP_OT_11C",3.005,"NO3Nstock","May_2021",2021-05-10
"SP_OT_11D",5.125,"NO3Nstock","May_2021",2021-05-10
"SP_OT_12A",3.255,"NO3Nstock","May_2021",2021-05-10
"SP_OT_12B",3.885,"NO3Nstock","May_2021",2021-05-10
"SP_OT_12C",4.64,"NO3Nstock","May_2021",2021-05-10
"SP_OT_12D",3.195,"NO3Nstock","May_2021",2021-05-10
"SP_ONT_21A",2.54,"NO3Nstock","May_2021",2021-05-10
"SP_ONT_21B",1.75,"NO3Nstock","May_2021",2021-05-10
"SP_ONT_21C",2.065,"NO3Nstock","May_2021",2021-05-10
"SP_ONT_21D",2.34,"NO3Nstock","May_2021",2021-05-10
"SP_ONT_22A",5.28,"NO3Nstock","May_2021",2021-05-10
"SP_ONT_22B",2.925,"NO3Nstock","May_2021",2021-05-10
"SP_ONT_22C",NA,"NO3Nstock","May_2021",2021-05-10
"SP_ONT_22D",2.07,"NO3Nstock","May_2021",2021-05-10
"SP_COV_31A",3.32,"NO3Nstock","May_2021",2021-05-10
"SP_COV_31B",3.525,"NO3Nstock","May_2021",2021-05-10
"SP_COV_31C",3.845,"NO3Nstock","May_2021",2021-05-10
"SP_COV_31D",3.465,"NO3Nstock","May_2021",2021-05-10
"SP_COV_32A",3.54,"NO3Nstock","May_2021",2021-05-10
"SP_COV_32B",7.975,"NO3Nstock","May_2021",2021-05-10
"SP_COV_32C",7.835,"NO3Nstock","May_2021",2021-05-10
"SP_COV_32D",3.225,"NO3Nstock","May_2021",2021-05-10
"SP_COS_41A",2.01,"NO3Nstock","May_2021",2021-05-10
"SP_COS_41B",1.45,"NO3Nstock","May_2021",2021-05-10
"SP_COS_41C",2.615,"NO3Nstock","May_2021",2021-05-10
"SP_COS_41D",2.565,"NO3Nstock","May_2021",2021-05-10
"SP_COS_42A",2,"NO3Nstock","May_2021",2021-05-10
"SP_COS_42B",5.24,"NO3Nstock","May_2021",2021-05-10
"SP_COS_42C",3.18,"NO3Nstock","May_2021",2021-05-10
"SP_COS_42D",5.235,"NO3Nstock","May_2021",2021-05-10
"SP_COS_41A",0.01277317,"netMIN","May_2021",2021-05-10
"SP_COS_41B",-0.04047385,"netMIN","May_2021",2021-05-10
"SP_COS_41C",0.1721491,"netMIN","May_2021",2021-05-10
"SP_COS_41D",-0.1614112,"netMIN","May_2021",2021-05-10
"SP_COS_42A",-0.01712325,"netMIN","May_2021",2021-05-10
"SP_COS_42B",-0.156797,"netMIN","May_2021",2021-05-10
"SP_COS_42C",-0.1670404,"netMIN","May_2021",2021-05-10
"SP_COS_42D",-0.05683325,"netMIN","May_2021",2021-05-10
"SP_COV_31A",-0.03346712,"netMIN","May_2021",2021-05-10
"SP_COV_31B",-0.01658208,"netMIN","May_2021",2021-05-10
"SP_COV_31C",0.1119586,"netMIN","May_2021",2021-05-10
"SP_COV_31D",-0.009083376,"netMIN","May_2021",2021-05-10
"SP_COV_32A",0.1886691,"netMIN","May_2021",2021-05-10
"SP_COV_32B",-0.3095753,"netMIN","May_2021",2021-05-10
"SP_COV_32C",-0.04741844,"netMIN","May_2021",2021-05-10
"SP_COV_32D",-0.3218099,"netMIN","May_2021",2021-05-10
"SP_ONT_21A",-0.05394873,"netMIN","May_2021",2021-05-10
"SP_ONT_21B",-0.1096556,"netMIN","May_2021",2021-05-10
"SP_ONT_21C",-0.08193941,"netMIN","May_2021",2021-05-10
"SP_ONT_21D",-0.2009995,"netMIN","May_2021",2021-05-10
"SP_ONT_22A",0.0351217,"netMIN","May_2021",2021-05-10
"SP_ONT_22B",-0.1616675,"netMIN","May_2021",2021-05-10
"SP_ONT_22C",-0.01823248,"netMIN","May_2021",2021-05-10
"SP_ONT_22D",-0.07225531,"netMIN","May_2021",2021-05-10
"SP_OT_11A",0.05420766,"netMIN","May_2021",2021-05-10
"SP_OT_11B",-0.04910927,"netMIN","May_2021",2021-05-10
"SP_OT_11C",-0.1030943,"netMIN","May_2021",2021-05-10
"SP_OT_11D",-0.004085966,"netMIN","May_2021",2021-05-10
"SP_OT_12A",0.007659244,"netMIN","May_2021",2021-05-10
"SP_OT_12B",0.0344174,"netMIN","May_2021",2021-05-10
"SP_OT_12C",0.03571724,"netMIN","May_2021",2021-05-10
"SP_OT_12D",-0.03236665,"netMIN","May_2021",2021-05-10
"SP_COS_41A",1.801704,"netNIT","May_2021",2021-05-10
"SP_COS_41B",0.3374909,"netNIT","May_2021",2021-05-10
"SP_COS_41C",1.82081,"netNIT","May_2021",2021-05-10
"SP_COS_41D",1.150342,"netNIT","May_2021",2021-05-10
"SP_COS_42A",1.051287,"netNIT","May_2021",2021-05-10
"SP_COS_42B",1.269086,"netNIT","May_2021",2021-05-10
"SP_COS_42C",1.015999,"netNIT","May_2021",2021-05-10
"SP_COS_42D",1.108263,"netNIT","May_2021",2021-05-10
"SP_COV_31A",0.5551269,"netNIT","May_2021",2021-05-10
"SP_COV_31B",0.919697,"netNIT","May_2021",2021-05-10
"SP_COV_31C",0.744262,"netNIT","May_2021",2021-05-10
"SP_COV_31D",1.242183,"netNIT","May_2021",2021-05-10
"SP_COV_32A",1.483011,"netNIT","May_2021",2021-05-10
"SP_COV_32B",1.177048,"netNIT","May_2021",2021-05-10
"SP_COV_32C",1.387973,"netNIT","May_2021",2021-05-10
"SP_COV_32D",1.437864,"netNIT","May_2021",2021-05-10
"SP_ONT_21A",-0.0347333,"netNIT","May_2021",2021-05-10
"SP_ONT_21B",-0.07321595,"netNIT","May_2021",2021-05-10
"SP_ONT_21C",0.7438011,"netNIT","May_2021",2021-05-10
"SP_ONT_21D",0.8027576,"netNIT","May_2021",2021-05-10
"SP_ONT_22A",2.720751,"netNIT","May_2021",2021-05-10
"SP_ONT_22B",1.122721,"netNIT","May_2021",2021-05-10
"SP_ONT_22C",0.9472452,"netNIT","May_2021",2021-05-10
"SP_ONT_22D",1.003622,"netNIT","May_2021",2021-05-10
"SP_OT_11A",-0.1178871,"netNIT","May_2021",2021-05-10
"SP_OT_11B",-0.03050751,"netNIT","May_2021",2021-05-10
"SP_OT_11C",0.7171336,"netNIT","May_2021",2021-05-10
"SP_OT_11D",-0.08485241,"netNIT","May_2021",2021-05-10
"SP_OT_12A",0.1100829,"netNIT","May_2021",2021-05-10
"SP_OT_12B",0.5040808,"netNIT","May_2021",2021-05-10
"SP_OT_12C",0.8644692,"netNIT","May_2021",2021-05-10
"SP_OT_12D",-0.09499482,"netNIT","May_2021",2021-05-10
"SP_OT_11A",5.51,"NH4Nstock","July_2021",2021-07-14
"SP_OT_11B",7.68,"NH4Nstock","July_2021",2021-07-14
"SP_OT_11C",7.31,"NH4Nstock","July_2021",2021-07-14
"SP_OT_11D",7.185,"NH4Nstock","July_2021",2021-07-14
"SP_OT_12A",6.685,"NH4Nstock","July_2021",2021-07-14
"SP_OT_12B",7.455,"NH4Nstock","July_2021",2021-07-14
"SP_OT_12C",7.715,"NH4Nstock","July_2021",2021-07-14
"SP_OT_12D",7.115,"NH4Nstock","July_2021",2021-07-14
"SP_ONT_21A",7.06,"NH4Nstock","July_2021",2021-07-14
"SP_ONT_21B",7.9,"NH4Nstock","July_2021",2021-07-14
"SP_ONT_21C",7.505,"NH4Nstock","July_2021",2021-07-14
"SP_ONT_21D",8.225,"NH4Nstock","July_2021",2021-07-14
"SP_ONT_22A",7.795,"NH4Nstock","July_2021",2021-07-14
"SP_ONT_22B",8.355,"NH4Nstock","July_2021",2021-07-14
"SP_ONT_22C",8.4,"NH4Nstock","July_2021",2021-07-14
"SP_ONT_22D",7.5,"NH4Nstock","July_2021",2021-07-14
"SP_COV_31A",7.565,"NH4Nstock","July_2021",2021-07-14
"SP_COV_31B",6.52,"NH4Nstock","July_2021",2021-07-14
"SP_COV_31C",6.845,"NH4Nstock","July_2021",2021-07-14
"SP_COV_31D",6.66,"NH4Nstock","July_2021",2021-07-14
"SP_COV_32A",6.555,"NH4Nstock","July_2021",2021-07-14
"SP_COV_32B",9.27,"NH4Nstock","July_2021",2021-07-14
"SP_COV_32C",7.795,"NH4Nstock","July_2021",2021-07-14
"SP_COV_32D",8.63,"NH4Nstock","July_2021",2021-07-14
"SP_COS_41A",7.97,"NH4Nstock","July_2021",2021-07-14
"SP_COS_41B",7.84,"NH4Nstock","July_2021",2021-07-14
"SP_COS_41C",7.345,"NH4Nstock","July_2021",2021-07-14
"SP_COS_41D",8.285,"NH4Nstock","July_2021",2021-07-14
"SP_COS_42A",8.685,"NH4Nstock","July_2021",2021-07-14
"SP_COS_42B",8.17,"NH4Nstock","July_2021",2021-07-14
"SP_COS_42C",8.66,"NH4Nstock","July_2021",2021-07-14
"SP_COS_42D",9.74,"NH4Nstock","July_2021",2021-07-14
"SP_OT_11A",0.8,"NO3Nstock","July_2021",2021-07-14
"SP_OT_11B",0.675,"NO3Nstock","July_2021",2021-07-14
"SP_OT_11C",0.74,"NO3Nstock","July_2021",2021-07-14
"SP_OT_11D",0.545,"NO3Nstock","July_2021",2021-07-14
"SP_OT_12A",8.115,"NO3Nstock","July_2021",2021-07-14
"SP_OT_12B",26.325,"NO3Nstock","July_2021",2021-07-14
"SP_OT_12C",7.49,"NO3Nstock","July_2021",2021-07-14
"SP_OT_12D",1.695,"NO3Nstock","July_2021",2021-07-14
"SP_ONT_21A",2.38,"NO3Nstock","July_2021",2021-07-14
"SP_ONT_21B",0.785,"NO3Nstock","July_2021",2021-07-14
"SP_ONT_21C",1.42,"NO3Nstock","July_2021",2021-07-14
"SP_ONT_21D",1.04,"NO3Nstock","July_2021",2021-07-14
"SP_ONT_22A",2.71,"NO3Nstock","July_2021",2021-07-14
"SP_ONT_22B",1.23,"NO3Nstock","July_2021",2021-07-14
"SP_ONT_22C",1.215,"NO3Nstock","July_2021",2021-07-14
"SP_ONT_22D",2.405,"NO3Nstock","July_2021",2021-07-14
"SP_COV_31A",5.35,"NO3Nstock","July_2021",2021-07-14
"SP_COV_31B",5.275,"NO3Nstock","July_2021",2021-07-14
"SP_COV_31C",2.465,"NO3Nstock","July_2021",2021-07-14
"SP_COV_31D",12.98,"NO3Nstock","July_2021",2021-07-14
"SP_COV_32A",9.545,"NO3Nstock","July_2021",2021-07-14
"SP_COV_32B",4.295,"NO3Nstock","July_2021",2021-07-14
"SP_COV_32C",7.115,"NO3Nstock","July_2021",2021-07-14
"SP_COV_32D",6.96,"NO3Nstock","July_2021",2021-07-14
"SP_COS_41A",6.595,"NO3Nstock","July_2021",2021-07-14
"SP_COS_41B",3.46,"NO3Nstock","July_2021",2021-07-14
"SP_COS_41C",4.895,"NO3Nstock","July_2021",2021-07-14
"SP_COS_41D",3.31,"NO3Nstock","July_2021",2021-07-14
"SP_COS_42A",9.225,"NO3Nstock","July_2021",2021-07-14
"SP_COS_42B",7.15,"NO3Nstock","July_2021",2021-07-14
"SP_COS_42C",8.25,"NO3Nstock","July_2021",2021-07-14
"SP_COS_42D",11.15,"NO3Nstock","July_2021",2021-07-14
"SP_COS_41A",0.1358182,"netMIN","July_2021",2021-07-14
"SP_COS_41B",0.1577084,"netMIN","July_2021",2021-07-14
"SP_COS_41C",0.1639202,"netMIN","July_2021",2021-07-14
"SP_COS_41D",0.1397877,"netMIN","July_2021",2021-07-14
"SP_COS_42A",0.10471,"netMIN","July_2021",2021-07-14
"SP_COS_42B",0.1171077,"netMIN","July_2021",2021-07-14
"SP_COS_42C",0.1608778,"netMIN","July_2021",2021-07-14
"SP_COS_42D",0.1132988,"netMIN","July_2021",2021-07-14
"SP_COV_31A",0.1196504,"netMIN","July_2021",2021-07-14
"SP_COV_31B",0.169622,"netMIN","July_2021",2021-07-14
"SP_COV_31C",0.1276955,"netMIN","July_2021",2021-07-14
"SP_COV_31D",0.1827421,"netMIN","July_2021",2021-07-14
"SP_COV_32A",0.1568928,"netMIN","July_2021",2021-07-14
"SP_COV_32B",0.1217892,"netMIN","July_2021",2021-07-14
"SP_COV_32C",0.1145987,"netMIN","July_2021",2021-07-14
"SP_COV_32D",0.09100207,"netMIN","July_2021",2021-07-14
"SP_ONT_21A",0.1190627,"netMIN","July_2021",2021-07-14
"SP_ONT_21B",0.1027784,"netMIN","July_2021",2021-07-14
"SP_ONT_21C",0.1315173,"netMIN","July_2021",2021-07-14
"SP_ONT_21D",0.1091688,"netMIN","July_2021",2021-07-14
"SP_ONT_22A",0.1334127,"netMIN","July_2021",2021-07-14
"SP_ONT_22B",0.09850337,"netMIN","July_2021",2021-07-14
"SP_ONT_22C",0.1316624,"netMIN","July_2021",2021-07-14
"SP_ONT_22D",0.1270974,"netMIN","July_2021",2021-07-14
"SP_OT_11A",0.1733454,"netMIN","July_2021",2021-07-14
"SP_OT_11B",0.111999,"netMIN","July_2021",2021-07-14
"SP_OT_11C",0.1133558,"netMIN","July_2021",2021-07-14
"SP_OT_11D",0.1201243,"netMIN","July_2021",2021-07-14
"SP_OT_12A",0.1290005,"netMIN","July_2021",2021-07-14
"SP_OT_12B",0.1211471,"netMIN","July_2021",2021-07-14
"SP_OT_12C",0.134117,"netMIN","July_2021",2021-07-14
"SP_OT_12D",0.1263775,"netMIN","July_2021",2021-07-14
"SP_COS_41A",0.7746401,"netNIT","July_2021",2021-07-14
"SP_COS_41B",1.025875,"netNIT","July_2021",2021-07-14
"SP_COS_41C",1.01646,"netNIT","July_2021",2021-07-14
"SP_COS_41D",1.043718,"netNIT","July_2021",2021-07-14
"SP_COS_42A",0.5060979,"netNIT","July_2021",2021-07-14
"SP_COS_42B",0.5103237,"netNIT","July_2021",2021-07-14
"SP_COS_42C",0.4364474,"netNIT","July_2021",2021-07-14
"SP_COS_42D",0.2330192,"netNIT","July_2021",2021-07-14
"SP_COV_31A",0.3858933,"netNIT","July_2021",2021-07-14
"SP_COV_31B",0.429912,"netNIT","July_2021",2021-07-14
"SP_COV_31C",0.4272579,"netNIT","July_2021",2021-07-14
"SP_COV_31D",0.3946582,"netNIT","July_2021",2021-07-14
"SP_COV_32A",0.3726541,"netNIT","July_2021",2021-07-14
"SP_COV_32B",0.9196375,"netNIT","July_2021",2021-07-14
"SP_COV_32C",0.5790653,"netNIT","July_2021",2021-07-14
"SP_COV_32D",0.6115458,"netNIT","July_2021",2021-07-14
"SP_ONT_21A",1.064096,"netNIT","July_2021",2021-07-14
"SP_ONT_21B",0.761797,"netNIT","July_2021",2021-07-14
"SP_ONT_21C",0.6750026,"netNIT","July_2021",2021-07-14
"SP_ONT_21D",0.834767,"netNIT","July_2021",2021-07-14
"SP_ONT_22A",0.5988115,"netNIT","July_2021",2021-07-14
"SP_ONT_22B",0.6328094,"netNIT","July_2021",2021-07-14
"SP_ONT_22C",0.7156862,"netNIT","July_2021",2021-07-14
"SP_ONT_22D",0.5687882,"netNIT","July_2021",2021-07-14
"SP_OT_11A",0.6983661,"netNIT","July_2021",2021-07-14
"SP_OT_11B",0.5295028,"netNIT","July_2021",2021-07-14
"SP_OT_11C",0.494319,"netNIT","July_2021",2021-07-14
"SP_OT_11D",0.371652,"netNIT","July_2021",2021-07-14
"SP_OT_12A",0.7437545,"netNIT","July_2021",2021-07-14
"SP_OT_12B",-0.1139824,"netNIT","July_2021",2021-07-14
"SP_OT_12C",0.6558985,"netNIT","July_2021",2021-07-14
"SP_OT_12D",0.7083791,"netNIT","July_2021",2021-07-14
"SP_OT_11A",10.465,"NH4Nstock","Aug_2021",2021-08-11
"SP_OT_11B",10.7,"NH4Nstock","Aug_2021",2021-08-11
"SP_OT_11C",11.765,"NH4Nstock","Aug_2021",2021-08-11
"SP_OT_11D",16.615,"NH4Nstock","Aug_2021",2021-08-11
"SP_OT_12A",13.14,"NH4Nstock","Aug_2021",2021-08-11
"SP_OT_12B",10.445,"NH4Nstock","Aug_2021",2021-08-11
"SP_OT_12C",10.815,"NH4Nstock","Aug_2021",2021-08-11
"SP_OT_12D",10.93,"NH4Nstock","Aug_2021",2021-08-11
"SP_ONT_21A",9.81,"NH4Nstock","Aug_2021",2021-08-11
"SP_ONT_21B",10.54,"NH4Nstock","Aug_2021",2021-08-11
"SP_ONT_21C",13.68,"NH4Nstock","Aug_2021",2021-08-11
"SP_ONT_21D",10.1,"NH4Nstock","Aug_2021",2021-08-11
"SP_ONT_22A",12.05,"NH4Nstock","Aug_2021",2021-08-11
"SP_ONT_22B",12.615,"NH4Nstock","Aug_2021",2021-08-11
"SP_ONT_22C",10.325,"NH4Nstock","Aug_2021",2021-08-11
"SP_ONT_22D",10.575,"NH4Nstock","Aug_2021",2021-08-11
"SP_COV_31A",10.92,"NH4Nstock","Aug_2021",2021-08-11
"SP_COV_31B",11.48,"NH4Nstock","Aug_2021",2021-08-11
"SP_COV_31C",11.04,"NH4Nstock","Aug_2021",2021-08-11
"SP_COV_31D",10.755,"NH4Nstock","Aug_2021",2021-08-11
"SP_COV_32A",11.09,"NH4Nstock","Aug_2021",2021-08-11
"SP_COV_32B",12.03,"NH4Nstock","Aug_2021",2021-08-11
"SP_COV_32C",10.905,"NH4Nstock","Aug_2021",2021-08-11
"SP_COV_32D",11.115,"NH4Nstock","Aug_2021",2021-08-11
"SP_COS_41A",11.755,"NH4Nstock","Aug_2021",2021-08-11
"SP_COS_41B",11.25,"NH4Nstock","Aug_2021",2021-08-11
"SP_COS_41C",12.075,"NH4Nstock","Aug_2021",2021-08-11
"SP_COS_41D",10.645,"NH4Nstock","Aug_2021",2021-08-11
"SP_COS_42A",12.605,"NH4Nstock","Aug_2021",2021-08-11
"SP_COS_42B",11.395,"NH4Nstock","Aug_2021",2021-08-11
"SP_COS_42C",13.845,"NH4Nstock","Aug_2021",2021-08-11
"SP_COS_42D",11.915,"NH4Nstock","Aug_2021",2021-08-11
"SP_OT_11A",0.665,"NO3Nstock","Aug_2021",2021-08-11
"SP_OT_11B",0.115,"NO3Nstock","Aug_2021",2021-08-11
"SP_OT_11C",0.725,"NO3Nstock","Aug_2021",2021-08-11
"SP_OT_11D",0.4,"NO3Nstock","Aug_2021",2021-08-11
"SP_OT_12A",1.405,"NO3Nstock","Aug_2021",2021-08-11
"SP_OT_12B",0.11,"NO3Nstock","Aug_2021",2021-08-11
"SP_OT_12C",0.1,"NO3Nstock","Aug_2021",2021-08-11
"SP_OT_12D",0.47,"NO3Nstock","Aug_2021",2021-08-11
"SP_ONT_21A",1.2,"NO3Nstock","Aug_2021",2021-08-11
"SP_ONT_21B",12.115,"NO3Nstock","Aug_2021",2021-08-11
"SP_ONT_21C",5.12,"NO3Nstock","Aug_2021",2021-08-11
"SP_ONT_21D",0.89,"NO3Nstock","Aug_2021",2021-08-11
"SP_ONT_22A",0.36,"NO3Nstock","Aug_2021",2021-08-11
"SP_ONT_22B",0.075,"NO3Nstock","Aug_2021",2021-08-11
"SP_ONT_22C",0.255,"NO3Nstock","Aug_2021",2021-08-11
"SP_ONT_22D",0.49,"NO3Nstock","Aug_2021",2021-08-11
"SP_COV_31A",1.18,"NO3Nstock","Aug_2021",2021-08-11
"SP_COV_31B",0.75,"NO3Nstock","Aug_2021",2021-08-11
"SP_COV_31C",0.02,"NO3Nstock","Aug_2021",2021-08-11
"SP_COV_31D",2.27,"NO3Nstock","Aug_2021",2021-08-11
"SP_COV_32A",2.43,"NO3Nstock","Aug_2021",2021-08-11
"SP_COV_32B",5.695,"NO3Nstock","Aug_2021",2021-08-11
"SP_COV_32C",4.325,"NO3Nstock","Aug_2021",2021-08-11
"SP_COV_32D",8.385,"NO3Nstock","Aug_2021",2021-08-11
"SP_COS_41A",7.695,"NO3Nstock","Aug_2021",2021-08-11
"SP_COS_41B",1.215,"NO3Nstock","Aug_2021",2021-08-11
"SP_COS_41C",3.145,"NO3Nstock","Aug_2021",2021-08-11
"SP_COS_41D",NA,"NO3Nstock","Aug_2021",2021-08-11
"SP_COS_42A",1.535,"NO3Nstock","Aug_2021",2021-08-11
"SP_COS_42B",0.13,"NO3Nstock","Aug_2021",2021-08-11
"SP_COS_42C",5.98,"NO3Nstock","Aug_2021",2021-08-11
"SP_COS_42D",0.155,"NO3Nstock","Aug_2021",2021-08-11
"SP_COS_41A",0.2380243,"netMIN","Aug_2021",2021-08-11
"SP_COS_41B",0.2752796,"netMIN","Aug_2021",2021-08-11
"SP_COS_41C",0.6318177,"netMIN","Aug_2021",2021-08-11
"SP_COS_41D",0.1016857,"netMIN","Aug_2021",2021-08-11
"SP_COS_42A",0.2626955,"netMIN","Aug_2021",2021-08-11
"SP_COS_42B",0.2479285,"netMIN","Aug_2021",2021-08-11
"SP_COS_42C",0.3494666,"netMIN","Aug_2021",2021-08-11
"SP_COS_42D",0.1965277,"netMIN","Aug_2021",2021-08-11
"SP_COV_31A",-0.04116779,"netMIN","Aug_2021",2021-08-11
"SP_COV_31B",-0.01833247,"netMIN","Aug_2021",2021-08-11
"SP_COV_31C",0.02961937,"netMIN","Aug_2021",2021-08-11
"SP_COV_31D",0.01352667,"netMIN","Aug_2021",2021-08-11
"SP_COV_32A",0.1668824,"netMIN","Aug_2021",2021-08-11
"SP_COV_32B",0.1490368,"netMIN","Aug_2021",2021-08-11
"SP_COV_32C",0.1144252,"netMIN","Aug_2021",2021-08-11
"SP_COV_32D",0.1226023,"netMIN","Aug_2021",2021-08-11
"SP_ONT_21A",0.05993268,"netMIN","Aug_2021",2021-08-11
"SP_ONT_21B",-0.05192128,"netMIN","Aug_2021",2021-08-11
"SP_ONT_21C",-0.01241585,"netMIN","Aug_2021",2021-08-11
"SP_ONT_21D",0.0451217,"netMIN","Aug_2021",2021-08-11
"SP_ONT_22A",0.03049974,"netMIN","Aug_2021",2021-08-11
"SP_ONT_22B",0.05923874,"netMIN","Aug_2021",2021-08-11
"SP_ONT_22C",0.01986794,"netMIN","Aug_2021",2021-08-11
"SP_ONT_22D",0.06437597,"netMIN","Aug_2021",2021-08-11
"SP_OT_11A",0.005284827,"netMIN","Aug_2021",2021-08-11
"SP_OT_11B",0.023203,"netMIN","Aug_2021",2021-08-11
"SP_OT_11C",-0.01682548,"netMIN","Aug_2021",2021-08-11
"SP_OT_11D",-0.07694459,"netMIN","Aug_2021",2021-08-11
"SP_OT_12A",-0.02249353,"netMIN","Aug_2021",2021-08-11
"SP_OT_12B",0.07678923,"netMIN","Aug_2021",2021-08-11
"SP_OT_12C",0.01371051,"netMIN","Aug_2021",2021-08-11
"SP_OT_12D",0.1092879,"netMIN","Aug_2021",2021-08-11
"SP_COS_41A",2.153617,"netNIT","Aug_2021",2021-08-11
"SP_COS_41B",0.9528716,"netNIT","Aug_2021",2021-08-11
"SP_COS_41C",1.486901,"netNIT","Aug_2021",2021-08-11
"SP_COS_41D",0.4843312,"netNIT","Aug_2021",2021-08-11
"SP_COS_42A",0.7212351,"netNIT","Aug_2021",2021-08-11
"SP_COS_42B",0.531406,"netNIT","Aug_2021",2021-08-11
"SP_COS_42C",1.031119,"netNIT","Aug_2021",2021-08-11
"SP_COS_42D",0.7636458,"netNIT","Aug_2021",2021-08-11
"SP_COV_31A",0.6430735,"netNIT","Aug_2021",2021-08-11
"SP_COV_31B",0.1599146,"netNIT","Aug_2021",2021-08-11
"SP_COV_31C",0.3274392,"netNIT","Aug_2021",2021-08-11
"SP_COV_31D",0.3982574,"netNIT","Aug_2021",2021-08-11
"SP_COV_32A",0.7816054,"netNIT","Aug_2021",2021-08-11
"SP_COV_32B",0.7446686,"netNIT","Aug_2021",2021-08-11
"SP_COV_32C",0.6271181,"netNIT","Aug_2021",2021-08-11
"SP_COV_32D",0.8568824,"netNIT","Aug_2021",2021-08-11
"SP_ONT_21A",0.711173,"netNIT","Aug_2021",2021-08-11
"SP_ONT_21B",0.5326774,"netNIT","Aug_2021",2021-08-11
"SP_ONT_21C",0.645883,"netNIT","Aug_2021",2021-08-11
"SP_ONT_21D",0.3055463,"netNIT","Aug_2021",2021-08-11
"SP_ONT_22A",0.6764215,"netNIT","Aug_2021",2021-08-11
"SP_ONT_22B",0.8724547,"netNIT","Aug_2021",2021-08-11
"SP_ONT_22C",0.5549715,"netNIT","Aug_2021",2021-08-11
"SP_ONT_22D",0.8166546,"netNIT","Aug_2021",2021-08-11
"SP_OT_11A",0.4643112,"netNIT","Aug_2021",2021-08-11
"SP_OT_11B",0.3430347,"netNIT","Aug_2021",2021-08-11
"SP_OT_11C",0.1351554,"netNIT","Aug_2021",2021-08-11
"SP_OT_11D",0.917913,"netNIT","Aug_2021",2021-08-11
"SP_OT_12A",0.8490135,"netNIT","Aug_2021",2021-08-11
"SP_OT_12B",0.4027758,"netNIT","Aug_2021",2021-08-11
"SP_OT_12C",0.7965251,"netNIT","Aug_2021",2021-08-11
"SP_OT_12D",0.800914,"netNIT","Aug_2021",2021-08-11
"SP_OT_11A",14.935,"NH4Nstock","Sep_2021",2021-09-15
"SP_OT_11B",14.45,"NH4Nstock","Sep_2021",2021-09-15
"SP_OT_11C",14.06,"NH4Nstock","Sep_2021",2021-09-15
"SP_OT_11D",17.195,"NH4Nstock","Sep_2021",2021-09-15
"SP_OT_12A",14.015,"NH4Nstock","Sep_2021",2021-09-15
"SP_OT_12B",14.895,"NH4Nstock","Sep_2021",2021-09-15
"SP_OT_12C",12.615,"NH4Nstock","Sep_2021",2021-09-15
"SP_OT_12D",12.465,"NH4Nstock","Sep_2021",2021-09-15
"SP_ONT_21A",15.54,"NH4Nstock","Sep_2021",2021-09-15
"SP_ONT_21B",14.79,"NH4Nstock","Sep_2021",2021-09-15
"SP_ONT_21C",16.815,"NH4Nstock","Sep_2021",2021-09-15
"SP_ONT_21D",18.005,"NH4Nstock","Sep_2021",2021-09-15
"SP_ONT_22A",16.56,"NH4Nstock","Sep_2021",2021-09-15
"SP_ONT_22B",16.015,"NH4Nstock","Sep_2021",2021-09-15
"SP_ONT_22C",15.1,"NH4Nstock","Sep_2021",2021-09-15
"SP_ONT_22D",17.125,"NH4Nstock","Sep_2021",2021-09-15
"SP_COV_31A",13.045,"NH4Nstock","Sep_2021",2021-09-15
"SP_COV_31B",29.12,"NH4Nstock","Sep_2021",2021-09-15
"SP_COV_31C",17.365,"NH4Nstock","Sep_2021",2021-09-15
"SP_COV_31D",15.145,"NH4Nstock","Sep_2021",2021-09-15
"SP_COV_32A",18.8,"NH4Nstock","Sep_2021",2021-09-15
"SP_COV_32B",18.505,"NH4Nstock","Sep_2021",2021-09-15
"SP_COV_32C",27.78,"NH4Nstock","Sep_2021",2021-09-15
"SP_COV_32D",21.46,"NH4Nstock","Sep_2021",2021-09-15
"SP_COS_41A",13.775,"NH4Nstock","Sep_2021",2021-09-15
"SP_COS_41B",17.77,"NH4Nstock","Sep_2021",2021-09-15
"SP_COS_41C",18.08,"NH4Nstock","Sep_2021",2021-09-15
"SP_COS_41D",16.885,"NH4Nstock","Sep_2021",2021-09-15
"SP_COS_42A",18.125,"NH4Nstock","Sep_2021",2021-09-15
"SP_COS_42B",16.835,"NH4Nstock","Sep_2021",2021-09-15
"SP_COS_42C",15.79,"NH4Nstock","Sep_2021",2021-09-15
"SP_COS_42D",28.86,"NH4Nstock","Sep_2021",2021-09-15
"SP_OT_11A",0.935,"NO3Nstock","Sep_2021",2021-09-15
"SP_OT_11B",0.315,"NO3Nstock","Sep_2021",2021-09-15
"SP_OT_11C",0.575,"NO3Nstock","Sep_2021",2021-09-15
"SP_OT_11D",0.7,"NO3Nstock","Sep_2021",2021-09-15
"SP_OT_12A",2.67,"NO3Nstock","Sep_2021",2021-09-15
"SP_OT_12B",0.18,"NO3Nstock","Sep_2021",2021-09-15
"SP_OT_12C",0.645,"NO3Nstock","Sep_2021",2021-09-15
"SP_OT_12D",0.185,"NO3Nstock","Sep_2021",2021-09-15
"SP_ONT_21A",1.165,"NO3Nstock","Sep_2021",2021-09-15
"SP_ONT_21B",1.245,"NO3Nstock","Sep_2021",2021-09-15
"SP_ONT_21C",0.945,"NO3Nstock","Sep_2021",2021-09-15
"SP_ONT_21D",0.575,"NO3Nstock","Sep_2021",2021-09-15
"SP_ONT_22A",0.08,"NO3Nstock","Sep_2021",2021-09-15
"SP_ONT_22B",3.16,"NO3Nstock","Sep_2021",2021-09-15
"SP_ONT_22C",0.535,"NO3Nstock","Sep_2021",2021-09-15
"SP_ONT_22D",2.57,"NO3Nstock","Sep_2021",2021-09-15
"SP_COV_31A",0.89,"NO3Nstock","Sep_2021",2021-09-15
"SP_COV_31B",0.2,"NO3Nstock","Sep_2021",2021-09-15
"SP_COV_31C",5.895,"NO3Nstock","Sep_2021",2021-09-15
"SP_COV_31D",0.385,"NO3Nstock","Sep_2021",2021-09-15
"SP_COV_32A",0.795,"NO3Nstock","Sep_2021",2021-09-15
"SP_COV_32B",5.14,"NO3Nstock","Sep_2021",2021-09-15
"SP_COV_32C",1.695,"NO3Nstock","Sep_2021",2021-09-15
"SP_COV_32D",2.81,"NO3Nstock","Sep_2021",2021-09-15
"SP_COS_41A",0.39,"NO3Nstock","Sep_2021",2021-09-15
"SP_COS_41B",1.285,"NO3Nstock","Sep_2021",2021-09-15
"SP_COS_41C",2.68,"NO3Nstock","Sep_2021",2021-09-15
"SP_COS_41D",1.515,"NO3Nstock","Sep_2021",2021-09-15
"SP_COS_42A",7.45,"NO3Nstock","Sep_2021",2021-09-15
"SP_COS_42B",7.035,"NO3Nstock","Sep_2021",2021-09-15
"SP_COS_42C",9.435,"NO3Nstock","Sep_2021",2021-09-15
"SP_COS_42D",5.135,"NO3Nstock","Sep_2021",2021-09-15
"SP_COS_41A",0.02531331,"netMIN","Sep_2021",2021-09-15
"SP_COS_41B",0.03548679,"netMIN","Sep_2021",2021-09-15
"SP_COS_41C",0.04377784,"netMIN","Sep_2021",2021-09-15
"SP_COS_41D",-0.1103858,"netMIN","Sep_2021",2021-09-15
"SP_COS_42A",-0.1427861,"netMIN","Sep_2021",2021-09-15
"SP_COS_42B",-0.06889694,"netMIN","Sep_2021",2021-09-15
"SP_COS_42C",-0.08135681,"netMIN","Sep_2021",2021-09-15
"SP_COS_42D",-0.1813956,"netMIN","Sep_2021",2021-09-15
"SP_COV_31A",-0.1209011,"netMIN","Sep_2021",2021-09-15
"SP_COV_31B",-0.5174029,"netMIN","Sep_2021",2021-09-15
"SP_COV_31C",-0.1520922,"netMIN","Sep_2021",2021-09-15
"SP_COV_31D",0.1179984,"netMIN","Sep_2021",2021-09-15
"SP_COV_32A",-0.117768,"netMIN","Sep_2021",2021-09-15
"SP_COV_32B",0.07750647,"netMIN","Sep_2021",2021-09-15
"SP_COV_32C",-0.1438918,"netMIN","Sep_2021",2021-09-15
"SP_COV_32D",-0.1055489,"netMIN","Sep_2021",2021-09-15
"SP_ONT_21A",-0.1426567,"netMIN","Sep_2021",2021-09-15
"SP_ONT_21B",-0.1870482,"netMIN","Sep_2021",2021-09-15
"SP_ONT_21C",-0.1405567,"netMIN","Sep_2021",2021-09-15
"SP_ONT_21D",-0.09936044,"netMIN","Sep_2021",2021-09-15
"SP_ONT_22A",0.09744433,"netMIN","Sep_2021",2021-09-15
"SP_ONT_22B",-0.02588037,"netMIN","Sep_2021",2021-09-15
"SP_ONT_22C",0.1207095,"netMIN","Sep_2021",2021-09-15
"SP_ONT_22D",-0.05180994,"netMIN","Sep_2021",2021-09-15
"SP_OT_11A",-0.1846038,"netMIN","Sep_2021",2021-09-15
"SP_OT_11B",-0.1305153,"netMIN","Sep_2021",2021-09-15
"SP_OT_11C",-0.1324883,"netMIN","Sep_2021",2021-09-15
"SP_OT_11D",-0.13971,"netMIN","Sep_2021",2021-09-15
"SP_OT_12A",0.1097126,"netMIN","Sep_2021",2021-09-15
"SP_OT_12B",0.002226825,"netMIN","Sep_2021",2021-09-15
"SP_OT_12C",0.1678638,"netMIN","Sep_2021",2021-09-15
"SP_OT_12D",0.170233,"netMIN","Sep_2021",2021-09-15
"SP_COS_41A",0.4422087,"netNIT","Sep_2021",2021-09-15
"SP_COS_41B",1.527193,"netNIT","Sep_2021",2021-09-15
"SP_COS_41C",1.201186,"netNIT","Sep_2021",2021-09-15
"SP_COS_41D",0.9045443,"netNIT","Sep_2021",2021-09-15
"SP_COS_42A",0.5670689,"netNIT","Sep_2021",2021-09-15
"SP_COS_42B",0.7047825,"netNIT","Sep_2021",2021-09-15
"SP_COS_42C",0.8785655,"netNIT","Sep_2021",2021-09-15
"SP_COS_42D",1.037978,"netNIT","Sep_2021",2021-09-15
"SP_COV_31A",0.5475272,"netNIT","Sep_2021",2021-09-15
"SP_COV_31B",0.4388348,"netNIT","Sep_2021",2021-09-15
"SP_COV_31C",0.4791429,"netNIT","Sep_2021",2021-09-15
"SP_COV_31D",1.41051,"netNIT","Sep_2021",2021-09-15
"SP_COV_32A",1.1413,"netNIT","Sep_2021",2021-09-15
"SP_COV_32B",1.086183,"netNIT","Sep_2021",2021-09-15
"SP_COV_32C",1.249715,"netNIT","Sep_2021",2021-09-15
"SP_COV_32D",0.6696556,"netNIT","Sep_2021",2021-09-15
"SP_ONT_21A",1.326411,"netNIT","Sep_2021",2021-09-15
"SP_ONT_21B",0.5179596,"netNIT","Sep_2021",2021-09-15
"SP_ONT_21C",0.5343837,"netNIT","Sep_2021",2021-09-15
"SP_ONT_21D",1.100417,"netNIT","Sep_2021",2021-09-15
"SP_ONT_22A",0.7354972,"netNIT","Sep_2021",2021-09-15
"SP_ONT_22B",0.9032263,"netNIT","Sep_2021",2021-09-15
"SP_ONT_22C",0.4852201,"netNIT","Sep_2021",2021-09-15
"SP_ONT_22D",1.682724,"netNIT","Sep_2021",2021-09-15
"SP_OT_11A",0.5818876,"netNIT","Sep_2021",2021-09-15
"SP_OT_11B",0.3404997,"netNIT","Sep_2021",2021-09-15
"SP_OT_11C",0.4485888,"netNIT","Sep_2021",2021-09-15
"SP_OT_11D",0.7982885,"netNIT","Sep_2021",2021-09-15
"SP_OT_12A",0.4190963,"netNIT","Sep_2021",2021-09-15
"SP_OT_12B",0.704956,"netNIT","Sep_2021",2021-09-15
"SP_OT_12C",0.5208648,"netNIT","Sep_2021",2021-09-15
"SP_OT_12D",0.4365847,"netNIT","Sep_2021",2021-09-15
"SP_OT_11A",10.835,"NH4Nstock","Nov_2021",2021-11-29
"SP_OT_11B",12.93,"NH4Nstock","Nov_2021",2021-11-29
"SP_OT_11C",9.78,"NH4Nstock","Nov_2021",2021-11-29
"SP_OT_11D",10.59,"NH4Nstock","Nov_2021",2021-11-29
"SP_OT_12A",9.965,"NH4Nstock","Nov_2021",2021-11-29
"SP_OT_12B",10.99,"NH4Nstock","Nov_2021",2021-11-29
"SP_OT_12C",10.16,"NH4Nstock","Nov_2021",2021-11-29
"SP_OT_12D",10.765,"NH4Nstock","Nov_2021",2021-11-29
"SP_ONT_21A",9.685,"NH4Nstock","Nov_2021",2021-11-29
"SP_ONT_21B",16.2,"NH4Nstock","Nov_2021",2021-11-29
"SP_ONT_21C",10.865,"NH4Nstock","Nov_2021",2021-11-29
"SP_ONT_21D",10.935,"NH4Nstock","Nov_2021",2021-11-29
"SP_ONT_22A",11.26,"NH4Nstock","Nov_2021",2021-11-29
"SP_ONT_22B",11.265,"NH4Nstock","Nov_2021",2021-11-29
"SP_ONT_22C",9.91,"NH4Nstock","Nov_2021",2021-11-29
"SP_ONT_22D",9.225,"NH4Nstock","Nov_2021",2021-11-29
"SP_COV_31A",9.655,"NH4Nstock","Nov_2021",2021-11-29
"SP_COV_31B",9.415,"NH4Nstock","Nov_2021",2021-11-29
"SP_COV_31C",9.13,"NH4Nstock","Nov_2021",2021-11-29
"SP_COV_31D",9.595,"NH4Nstock","Nov_2021",2021-11-29
"SP_COV_32A",10.35,"NH4Nstock","Nov_2021",2021-11-29
"SP_COV_32B",9.61,"NH4Nstock","Nov_2021",2021-11-29
"SP_COV_32C",10.69,"NH4Nstock","Nov_2021",2021-11-29
"SP_COV_32D",9.435,"NH4Nstock","Nov_2021",2021-11-29
"SP_COS_41A",10.185,"NH4Nstock","Nov_2021",2021-11-29
"SP_COS_41B",9.705,"NH4Nstock","Nov_2021",2021-11-29
"SP_COS_41C",16.66,"NH4Nstock","Nov_2021",2021-11-29
"SP_COS_41D",10.71,"NH4Nstock","Nov_2021",2021-11-29
"SP_COS_42A",9.775,"NH4Nstock","Nov_2021",2021-11-29
"SP_COS_42B",10.505,"NH4Nstock","Nov_2021",2021-11-29
"SP_COS_42C",9.74,"NH4Nstock","Nov_2021",2021-11-29
"SP_COS_42D",13.59,"NH4Nstock","Nov_2021",2021-11-29
"SP_OT_11A",1.04,"NO3Nstock","Nov_2021",2021-11-29
"SP_OT_11B",4.55,"NO3Nstock","Nov_2021",2021-11-29
"SP_OT_11C",3.77,"NO3Nstock","Nov_2021",2021-11-29
"SP_OT_11D",7.195,"NO3Nstock","Nov_2021",2021-11-29
"SP_OT_12A",4.775,"NO3Nstock","Nov_2021",2021-11-29
"SP_OT_12B",3.63,"NO3Nstock","Nov_2021",2021-11-29
"SP_OT_12C",6.145,"NO3Nstock","Nov_2021",2021-11-29
"SP_OT_12D",4.03,"NO3Nstock","Nov_2021",2021-11-29
"SP_ONT_21A",13.425,"NO3Nstock","Nov_2021",2021-11-29
"SP_ONT_21B",2.72,"NO3Nstock","Nov_2021",2021-11-29
"SP_ONT_21C",7.715,"NO3Nstock","Nov_2021",2021-11-29
"SP_ONT_21D",2.955,"NO3Nstock","Nov_2021",2021-11-29
"SP_ONT_22A",4.565,"NO3Nstock","Nov_2021",2021-11-29
"SP_ONT_22B",7.94,"NO3Nstock","Nov_2021",2021-11-29
"SP_ONT_22C",6.445,"NO3Nstock","Nov_2021",2021-11-29
"SP_ONT_22D",7.31,"NO3Nstock","Nov_2021",2021-11-29
"SP_COV_31A",3.235,"NO3Nstock","Nov_2021",2021-11-29
"SP_COV_31B",2.125,"NO3Nstock","Nov_2021",2021-11-29
"SP_COV_31C",1.645,"NO3Nstock","Nov_2021",2021-11-29
"SP_COV_31D",1.965,"NO3Nstock","Nov_2021",2021-11-29
"SP_COV_32A",1.25,"NO3Nstock","Nov_2021",2021-11-29
"SP_COV_32B",0.1,"NO3Nstock","Nov_2021",2021-11-29
"SP_COV_32C",0.41,"NO3Nstock","Nov_2021",2021-11-29
"SP_COV_32D",0.25,"NO3Nstock","Nov_2021",2021-11-29
"SP_COS_41A",2.905,"NO3Nstock","Nov_2021",2021-11-29
"SP_COS_41B",1.285,"NO3Nstock","Nov_2021",2021-11-29
"SP_COS_41C",6.74,"NO3Nstock","Nov_2021",2021-11-29
"SP_COS_41D",5,"NO3Nstock","Nov_2021",2021-11-29
"SP_COS_42A",1.825,"NO3Nstock","Nov_2021",2021-11-29
"SP_COS_42B",0.13,"NO3Nstock","Nov_2021",2021-11-29
"SP_COS_42C",1.03,"NO3Nstock","Nov_2021",2021-11-29
"SP_COS_42D",0.405,"NO3Nstock","Nov_2021",2021-11-29
"SP_COS_41A",0.3204428,"netMIN","Nov_2021",2021-11-29
"SP_COS_41B",0.2990057,"netMIN","Nov_2021",2021-11-29
"SP_COS_41C",0.08643967,"netMIN","Nov_2021",2021-11-29
"SP_COS_41D",0.214174,"netMIN","Nov_2021",2021-11-29
"SP_COS_42A",0.2973666,"netMIN","Nov_2021",2021-11-29
"SP_COS_42B",0.1604583,"netMIN","Nov_2021",2021-11-29
"SP_COS_42C",0.2494407,"netMIN","Nov_2021",2021-11-29
"SP_COS_42D",0.2472967,"netMIN","Nov_2021",2021-11-29
"SP_COV_31A",0.1495365,"netMIN","Nov_2021",2021-11-29
"SP_COV_31B",0.1792413,"netMIN","Nov_2021",2021-11-29
"SP_COV_31C",0.1678353,"netMIN","Nov_2021",2021-11-29
"SP_COV_31D",0.1454143,"netMIN","Nov_2021",2021-11-29
"SP_COV_32A",0.3339177,"netMIN","Nov_2021",2021-11-29
"SP_COV_32B",0.275448,"netMIN","Nov_2021",2021-11-29
"SP_COV_32C",0.3184335,"netMIN","Nov_2021",2021-11-29
"SP_COV_32D",0.3733376,"netMIN","Nov_2021",2021-11-29
"SP_ONT_21A",0.1785577,"netMIN","Nov_2021",2021-11-29
"SP_ONT_21B",0.0813827,"netMIN","Nov_2021",2021-11-29
"SP_ONT_21C",0.1670611,"netMIN","Nov_2021",2021-11-29
"SP_ONT_21D",0.1704997,"netMIN","Nov_2021",2021-11-29
"SP_ONT_22A",0.1440704,"netMIN","Nov_2021",2021-11-29
"SP_ONT_22B",0.1761937,"netMIN","Nov_2021",2021-11-29
"SP_ONT_22C",0.1733713,"netMIN","Nov_2021",2021-11-29
"SP_ONT_22D",0.2149353,"netMIN","Nov_2021",2021-11-29
"SP_OT_11A",0.1562455,"netMIN","Nov_2021",2021-11-29
"SP_OT_11B",0.03154842,"netMIN","Nov_2021",2021-11-29
"SP_OT_11C",0.1132833,"netMIN","Nov_2021",2021-11-29
"SP_OT_11D",0.1451838,"netMIN","Nov_2021",2021-11-29
"SP_OT_12A",0.1064448,"netMIN","Nov_2021",2021-11-29
"SP_OT_12B",0.1253392,"netMIN","Nov_2021",2021-11-29
"SP_OT_12C",0.1179726,"netMIN","Nov_2021",2021-11-29
"SP_OT_12D",0.2270404,"netMIN","Nov_2021",2021-11-29
"SP_COS_41A",1.215621,"netNIT","Nov_2021",2021-11-29
"SP_COS_41B",0.985971,"netNIT","Nov_2021",2021-11-29
"SP_COS_41C",1.404692,"netNIT","Nov_2021",2021-11-29
"SP_COS_41D",0.9333169,"netNIT","Nov_2021",2021-11-29
"SP_COS_42A",0.8022061,"netNIT","Nov_2021",2021-11-29
"SP_COS_42B",0.4522424,"netNIT","Nov_2021",2021-11-29
"SP_COS_42C",0.6483817,"netNIT","Nov_2021",2021-11-29
"SP_COS_42D",0.7971051,"netNIT","Nov_2021",2021-11-29
"SP_COV_31A",0.4567064,"netNIT","Nov_2021",2021-11-29
"SP_COV_31B",0.5216572,"netNIT","Nov_2021",2021-11-29
"SP_COV_31C",0.1992828,"netNIT","Nov_2021",2021-11-29
"SP_COV_31D",0.409697,"netNIT","Nov_2021",2021-11-29
"SP_COV_32A",1.39529,"netNIT","Nov_2021",2021-11-29
"SP_COV_32B",0.7996504,"netNIT","Nov_2021",2021-11-29
"SP_COV_32C",0.9053314,"netNIT","Nov_2021",2021-11-29
"SP_COV_32D",0.8439177,"netNIT","Nov_2021",2021-11-29
"SP_ONT_21A",0.5135655,"netNIT","Nov_2021",2021-11-29
"SP_ONT_21B",0.7738529,"netNIT","Nov_2021",2021-11-29
"SP_ONT_21C",0.2825298,"netNIT","Nov_2021",2021-11-29
"SP_ONT_21D",0.735769,"netNIT","Nov_2021",2021-11-29
"SP_ONT_22A",0.8336302,"netNIT","Nov_2021",2021-11-29
"SP_ONT_22B",0.6596712,"netNIT","Nov_2021",2021-11-29
"SP_ONT_22C",0.6177861,"netNIT","Nov_2021",2021-11-29
"SP_ONT_22D",0.5615665,"netNIT","Nov_2021",2021-11-29
"SP_OT_11A",0.7926644,"netNIT","Nov_2021",2021-11-29
"SP_OT_11B",0.2357302,"netNIT","Nov_2021",2021-11-29
"SP_OT_11C",0.4552201,"netNIT","Nov_2021",2021-11-29
"SP_OT_11D",0.5922139,"netNIT","Nov_2021",2021-11-29
"SP_OT_12A",0.3786044,"netNIT","Nov_2021",2021-11-29
"SP_OT_12B",0.5495728,"netNIT","Nov_2021",2021-11-29
"SP_OT_12C",0.5325505,"netNIT","Nov_2021",2021-11-29
"SP_OT_12D",1.102255,"netNIT","Nov_2021",2021-11-29
